method,dimension,lattice_type,sigma,iteration,tv_distance,mixing_time,num_qubits,speedup,runtime
classical,2,identity,1.0,100,1.0,,,,0.0033278465270996094
classical,2,identity,1.0,200,0.9010050506338835,,,,0.006188631057739258
classical,2,identity,1.0,300,0.9188964995960237,,,,0.009179830551147461
classical,2,identity,1.0,400,0.9140494328116445,,,,0.012104988098144531
classical,2,identity,1.0,500,0.9112757079487247,,,,0.015074729919433594
classical,2,identity,1.0,600,0.9188964995960237,,,,0.018208026885986328
classical,2,identity,1.0,700,0.9203387273052523,,,,0.021430015563964844
classical,2,identity,1.0,800,0.9214387181876466,,,,0.02470874786376953
classical,2,identity,1.0,900,0.9156323448555792,,,,0.02802300453186035
classical,2,identity,1.0,1000,0.9169217236577456,,,,0.03136587142944336
quantum,2,identity,1.0,100,0.01,2.0,1.0,2.0,5.9604644775390625e-06
quantum,2,identity,1.0,200,0.01,2.0,1.0,2.0,7.867813110351562e-06
quantum,2,identity,1.0,300,0.01,2.0,1.0,2.0,9.059906005859375e-06
quantum,2,identity,1.0,400,0.01,2.0,1.0,2.0,1.0013580322265625e-05
quantum,2,identity,1.0,500,0.01,2.0,1.0,2.0,1.0013580322265625e-05
quantum,2,identity,1.0,600,0.01,2.0,1.0,2.0,1.0967254638671875e-05
quantum,2,identity,1.0,700,0.01,2.0,1.0,2.0,1.0967254638671875e-05
quantum,2,identity,1.0,800,0.01,2.0,1.0,2.0,1.2159347534179688e-05
quantum,2,identity,1.0,900,0.01,2.0,1.0,2.0,1.2159347534179688e-05
quantum,2,identity,1.0,1000,0.01,2.0,1.0,2.0,1.3113021850585938e-05
classical,2,identity,2.0,100,0.8074130881244485,,,,0.003564119338989258
classical,2,identity,2.0,200,0.8036595323998759,,,,0.00718379020690918
classical,2,identity,2.0,300,0.8043629904781813,,,,0.010882139205932617
classical,2,identity,2.0,400,0.803906139551611,,,,0.014650821685791016
classical,2,identity,2.0,500,0.8037218624220271,,,,0.018475055694580078
classical,2,identity,2.0,600,0.8055232503135474,,,,0.022392988204956055
classical,2,identity,2.0,700,0.8059563475358116,,,,0.026376008987426758
classical,2,identity,2.0,800,0.8064147854471814,,,,0.030703067779541016
classical,2,identity,2.0,900,0.8066379748929099,,,,0.03499293327331543
classical,2,identity,2.0,1000,0.806274546286463,,,,0.03920578956604004
quantum,2,identity,2.0,100,0.01,1.0,3.0,1.0,3.814697265625e-06
quantum,2,identity,2.0,200,0.01,1.0,3.0,1.0,4.76837158203125e-06
quantum,2,identity,2.0,300,0.01,1.0,3.0,1.0,5.7220458984375e-06
quantum,2,identity,2.0,400,0.01,1.0,3.0,1.0,5.7220458984375e-06
quantum,2,identity,2.0,500,0.01,1.0,3.0,1.0,6.9141387939453125e-06
quantum,2,identity,2.0,600,0.01,1.0,3.0,1.0,6.9141387939453125e-06
quantum,2,identity,2.0,700,0.01,1.0,3.0,1.0,7.867813110351562e-06
quantum,2,identity,2.0,800,0.01,1.0,3.0,1.0,7.867813110351562e-06
quantum,2,identity,2.0,900,0.01,1.0,3.0,1.0,8.821487426757812e-06
quantum,2,identity,2.0,1000,0.01,1.0,3.0,1.0,8.821487426757812e-06
classical,2,identity,4.0,100,0.852323062160449,,,,0.0052890777587890625
classical,2,identity,4.0,200,0.8482746153229662,,,,0.010563135147094727
classical,2,identity,4.0,300,0.8522983125560966,,,,0.01595902442932129
classical,2,identity,4.0,400,0.8545738995726329,,,,0.021340131759643555
classical,2,identity,4.0,500,0.8567060024466222,,,,0.026797056198120117
classical,2,identity,4.0,600,0.8610301727087659,,,,0.0323491096496582
classical,2,identity,4.0,700,0.8582917088936104,,,,0.03821611404418945
classical,2,identity,4.0,800,0.8563623125570705,,,,0.04394793510437012
classical,2,identity,4.0,900,0.8509991130156348,,,,0.04975295066833496
classical,2,identity,4.0,1000,0.8528235000209742,,,,0.055631160736083984
quantum,2,identity,4.0,100,0.01,0.0,5.0,,4.291534423828125e-06
quantum,2,identity,4.0,200,0.01,0.0,5.0,,5.0067901611328125e-06
quantum,2,identity,4.0,300,0.01,0.0,5.0,,5.9604644775390625e-06
quantum,2,identity,4.0,400,0.01,0.0,5.0,,5.9604644775390625e-06
quantum,2,identity,4.0,500,0.01,0.0,5.0,,6.9141387939453125e-06
quantum,2,identity,4.0,600,0.01,0.0,5.0,,6.9141387939453125e-06
quantum,2,identity,4.0,700,0.01,0.0,5.0,,8.106231689453125e-06
quantum,2,identity,4.0,800,0.01,0.0,5.0,,8.106231689453125e-06
quantum,2,identity,4.0,900,0.01,0.0,5.0,,9.059906005859375e-06
quantum,2,identity,4.0,1000,0.01,0.0,5.0,,9.059906005859375e-06
classical,2,random,1.0,100,1.0,,,,0.002789735794067383
classical,2,random,1.0,200,0.9010050506338835,,,,0.005526065826416016
classical,2,random,1.0,300,0.9188964995960237,,,,0.008311986923217773
classical,2,random,1.0,400,0.9072806654467366,,,,0.011415958404541016
classical,2,random,1.0,500,0.9112757079487247,,,,0.014383077621459961
classical,2,random,1.0,600,0.9188964995960237,,,,0.017370939254760742
classical,2,random,1.0,700,0.9203387273052523,,,,0.02043008804321289
classical,2,random,1.0,800,0.9214387181876466,,,,0.023875951766967773
classical,2,random,1.0,900,0.9156323448555792,,,,0.02711176872253418
classical,2,random,1.0,1000,0.9169217236577456,,,,0.030550003051757812
quantum,2,random,1.0,100,0.01,2.0,1.0,2.0,4.291534423828125e-06
quantum,2,random,1.0,200,0.01,2.0,1.0,2.0,6.198883056640625e-06
quantum,2,random,1.0,300,0.01,2.0,1.0,2.0,6.198883056640625e-06
quantum,2,random,1.0,400,0.01,2.0,1.0,2.0,7.152557373046875e-06
quantum,2,random,1.0,500,0.01,2.0,1.0,2.0,7.152557373046875e-06
quantum,2,random,1.0,600,0.01,2.0,1.0,2.0,8.344650268554688e-06
quantum,2,random,1.0,700,0.01,2.0,1.0,2.0,8.344650268554688e-06
quantum,2,random,1.0,800,0.01,2.0,1.0,2.0,9.059906005859375e-06
quantum,2,random,1.0,900,0.01,2.0,1.0,2.0,9.059906005859375e-06
quantum,2,random,1.0,1000,0.01,2.0,1.0,2.0,9.059906005859375e-06
classical,2,random,2.0,100,0.8074130881244485,,,,0.0035288333892822266
classical,2,random,2.0,200,0.8036595323998759,,,,0.007145881652832031
classical,2,random,2.0,300,0.8041294216110487,,,,0.01077580451965332
classical,2,random,2.0,400,0.80349774700564,,,,0.014484882354736328
classical,2,random,2.0,500,0.8036175446843593,,,,0.018251657485961914
classical,2,random,2.0,600,0.8054375110819719,,,,0.022083759307861328
classical,2,random,2.0,700,0.8058849136835599,,,,0.026006698608398438
classical,2,random,2.0,800,0.8063594725866998,,,,0.03002190589904785
classical,2,random,2.0,900,0.8065970236185581,,,,0.034088850021362305
classical,2,random,2.0,1000,0.806274546286463,,,,0.03845787048339844
quantum,2,random,2.0,100,0.01,1.0,3.0,1.0,4.0531158447265625e-06
quantum,2,random,2.0,200,0.01,1.0,3.0,1.0,4.0531158447265625e-06
quantum,2,random,2.0,300,0.01,1.0,3.0,1.0,5.245208740234375e-06
quantum,2,random,2.0,400,0.01,1.0,3.0,1.0,5.9604644775390625e-06
quantum,2,random,2.0,500,0.01,1.0,3.0,1.0,5.9604644775390625e-06
quantum,2,random,2.0,600,0.01,1.0,3.0,1.0,6.9141387939453125e-06
quantum,2,random,2.0,700,0.01,1.0,3.0,1.0,6.9141387939453125e-06
quantum,2,random,2.0,800,0.01,1.0,3.0,1.0,6.9141387939453125e-06
quantum,2,random,2.0,900,0.01,1.0,3.0,1.0,8.106231689453125e-06
quantum,2,random,2.0,1000,0.01,1.0,3.0,1.0,8.106231689453125e-06
classical,2,random,4.0,100,0.8546069178807914,,,,0.0053670406341552734
classical,2,random,4.0,200,0.8482746153229662,,,,0.010574817657470703
classical,2,random,4.0,300,0.8530130024683055,,,,0.015864849090576172
classical,2,random,4.0,400,0.855058052218269,,,,0.021279096603393555
classical,2,random,4.0,500,0.8570429558527402,,,,0.026697158813476562
classical,2,random,4.0,600,0.8612507164854524,,,,0.032135963439941406
classical,2,random,4.0,700,0.8585712453560198,,,,0.03774404525756836
classical,2,random,4.0,800,0.8565708871266777,,,,0.04334712028503418
classical,2,random,4.0,900,0.8511243970850967,,,,0.0490419864654541
classical,2,random,4.0,1000,0.8530027255091254,,,,0.05485701560974121
quantum,2,random,4.0,100,0.01,0.0,5.0,,3.814697265625e-06
quantum,2,random,4.0,200,0.01,0.0,5.0,,4.76837158203125e-06
quantum,2,random,4.0,300,0.01,0.0,5.0,,5.7220458984375e-06
quantum,2,random,4.0,400,0.01,0.0,5.0,,6.9141387939453125e-06
quantum,2,random,4.0,500,0.01,0.0,5.0,,6.9141387939453125e-06
quantum,2,random,4.0,600,0.01,0.0,5.0,,7.867813110351562e-06
quantum,2,random,4.0,700,0.01,0.0,5.0,,7.867813110351562e-06
quantum,2,random,4.0,800,0.01,0.0,5.0,,8.821487426757812e-06
quantum,2,random,4.0,900,0.01,0.0,5.0,,8.821487426757812e-06
quantum,2,random,4.0,1000,0.01,0.0,5.0,,1.0013580322265625e-05
classical,2,lll,1.0,100,0.9296437636026486,,,,0.0027861595153808594
classical,2,lll,1.0,200,0.95012515664185,,,,0.005585193634033203
classical,2,lll,1.0,300,0.9592432691312084,,,,0.00847625732421875
classical,2,lll,1.0,400,0.9646888827704362,,,,0.011445999145507812
classical,2,lll,1.0,500,0.9453923082340958,,,,0.014391183853149414
classical,2,lll,1.0,600,0.9424577449945597,,,,0.017436981201171875
classical,2,lll,1.0,700,0.9467006911252067,,,,0.02076101303100586
classical,2,lll,1.0,800,0.95012515664185,,,,0.024080276489257812
classical,2,lll,1.0,900,0.9474419779765986,,,,0.02726602554321289
classical,2,lll,1.0,1000,0.95012515664185,,,,0.030411958694458008
quantum,2,lll,1.0,100,0.01,2.0,1.0,2.0,4.0531158447265625e-06
quantum,2,lll,1.0,200,0.01,2.0,1.0,2.0,5.245208740234375e-06
quantum,2,lll,1.0,300,0.01,2.0,1.0,2.0,5.9604644775390625e-06
quantum,2,lll,1.0,400,0.01,2.0,1.0,2.0,6.9141387939453125e-06
quantum,2,lll,1.0,500,0.01,2.0,1.0,2.0,6.9141387939453125e-06
quantum,2,lll,1.0,600,0.01,2.0,1.0,2.0,7.867813110351562e-06
quantum,2,lll,1.0,700,0.01,2.0,1.0,2.0,7.867813110351562e-06
quantum,2,lll,1.0,800,0.01,2.0,1.0,2.0,7.867813110351562e-06
quantum,2,lll,1.0,900,0.01,2.0,1.0,2.0,9.059906005859375e-06
quantum,2,lll,1.0,1000,0.01,2.0,1.0,2.0,9.059906005859375e-06
classical,2,lll,2.0,100,0.7985940649828874,,,,0.0034003257751464844
classical,2,lll,2.0,200,0.8040000708390957,,,,0.006843090057373047
classical,2,lll,2.0,300,0.802841118403906,,,,0.01047515869140625
classical,2,lll,2.0,400,0.802190692107913,,,,0.014158010482788086
classical,2,lll,2.0,500,0.8020189020015899,,,,0.017917156219482422
classical,2,lll,2.0,600,0.8011589143524255,,,,0.02169513702392578
classical,2,lll,2.0,700,0.8025747647423431,,,,0.025637149810791016
classical,2,lll,2.0,800,0.8014092899843575,,,,0.029536008834838867
classical,2,lll,2.0,900,0.8024812159602095,,,,0.03387713432312012
classical,2,lll,2.0,1000,0.8028703371280087,,,,0.03805422782897949
quantum,2,lll,2.0,100,0.01,1.0,3.0,1.0,4.0531158447265625e-06
quantum,2,lll,2.0,200,0.01,1.0,3.0,1.0,5.9604644775390625e-06
quantum,2,lll,2.0,300,0.01,1.0,3.0,1.0,5.9604644775390625e-06
quantum,2,lll,2.0,400,0.01,1.0,3.0,1.0,6.9141387939453125e-06
quantum,2,lll,2.0,500,0.01,1.0,3.0,1.0,6.9141387939453125e-06
quantum,2,lll,2.0,600,0.01,1.0,3.0,1.0,7.867813110351562e-06
quantum,2,lll,2.0,700,0.01,1.0,3.0,1.0,7.867813110351562e-06
quantum,2,lll,2.0,800,0.01,1.0,3.0,1.0,8.821487426757812e-06
quantum,2,lll,2.0,900,0.01,1.0,3.0,1.0,8.821487426757812e-06
quantum,2,lll,2.0,1000,0.01,1.0,3.0,1.0,8.821487426757812e-06
classical,2,lll,4.0,100,0.8743152974982108,,,,0.005211353302001953
classical,2,lll,4.0,200,0.8712622575911896,,,,0.01033926010131836
classical,2,lll,4.0,300,0.8687214393893926,,,,0.015676259994506836
classical,2,lll,4.0,400,0.8590903412854519,,,,0.021065235137939453
classical,2,lll,4.0,500,0.8572273510506269,,,,0.026522159576416016
classical,2,lll,4.0,600,0.8588518763466958,,,,0.03213810920715332
classical,2,lll,4.0,700,0.8598522296495876,,,,0.037603139877319336
classical,2,lll,4.0,800,0.8600336017943614,,,,0.04328513145446777
classical,2,lll,4.0,900,0.8571692797905269,,,,0.04905509948730469
classical,2,lll,4.0,1000,0.8597736735461751,,,,0.05483698844909668
quantum,2,lll,4.0,100,0.01,0.0,5.0,,4.0531158447265625e-06
quantum,2,lll,4.0,200,0.01,0.0,5.0,,4.76837158203125e-06
quantum,2,lll,4.0,300,0.01,0.0,5.0,,5.7220458984375e-06
quantum,2,lll,4.0,400,0.01,0.0,5.0,,5.7220458984375e-06
quantum,2,lll,4.0,500,0.01,0.0,5.0,,6.9141387939453125e-06
quantum,2,lll,4.0,600,0.01,0.0,5.0,,6.9141387939453125e-06
quantum,2,lll,4.0,700,0.01,0.0,5.0,,7.867813110351562e-06
quantum,2,lll,4.0,800,0.01,0.0,5.0,,7.867813110351562e-06
quantum,2,lll,4.0,900,0.01,0.0,5.0,,8.821487426757812e-06
quantum,2,lll,4.0,1000,0.01,0.0,5.0,,8.821487426757812e-06
classical,2,qary,1.0,100,1.0,,,,0.0027132034301757812
classical,2,qary,1.0,200,0.9010050506338835,,,,0.005610942840576172
classical,2,qary,1.0,300,0.9188964995960237,,,,0.008772850036621094
classical,2,qary,1.0,400,0.9140494328116445,,,,0.011678934097290039
classical,2,qary,1.0,500,0.9112757079487247,,,,0.014683961868286133
classical,2,qary,1.0,600,0.9188964995960237,,,,0.01790595054626465
classical,2,qary,1.0,700,0.9203387273052523,,,,0.02109694480895996
classical,2,qary,1.0,800,0.9214387181876466,,,,0.024423837661743164
classical,2,qary,1.0,900,0.9156323448555792,,,,0.02774190902709961
classical,2,qary,1.0,1000,0.9169217236577456,,,,0.0312349796295166
quantum,2,qary,1.0,100,0.01,2.0,1.0,2.0,5.9604644775390625e-06
quantum,2,qary,1.0,200,0.01,2.0,1.0,2.0,6.9141387939453125e-06
quantum,2,qary,1.0,300,0.01,2.0,1.0,2.0,7.867813110351562e-06
quantum,2,qary,1.0,400,0.01,2.0,1.0,2.0,8.821487426757812e-06
quantum,2,qary,1.0,500,0.01,2.0,1.0,2.0,1.0013580322265625e-05
quantum,2,qary,1.0,600,0.01,2.0,1.0,2.0,1.0013580322265625e-05
quantum,2,qary,1.0,700,0.01,2.0,1.0,2.0,1.0967254638671875e-05
quantum,2,qary,1.0,800,0.01,2.0,1.0,2.0,1.0967254638671875e-05
quantum,2,qary,1.0,900,0.01,2.0,1.0,2.0,1.1920928955078125e-05
quantum,2,qary,1.0,1000,0.01,2.0,1.0,2.0,1.1920928955078125e-05
classical,2,qary,2.0,100,0.8074130881244485,,,,0.0036089420318603516
classical,2,qary,2.0,200,0.8036595323998759,,,,0.007331132888793945
classical,2,qary,2.0,300,0.8043629904781813,,,,0.011017084121704102
classical,2,qary,2.0,400,0.803906139551611,,,,0.014882087707519531
classical,2,qary,2.0,500,0.8037218624220271,,,,0.01876688003540039
classical,2,qary,2.0,600,0.8055232503135474,,,,0.022500991821289062
classical,2,qary,2.0,700,0.8059563475358116,,,,0.026317119598388672
classical,2,qary,2.0,800,0.8064147854471814,,,,0.030282974243164062
classical,2,qary,2.0,900,0.8066379748929099,,,,0.034256935119628906
classical,2,qary,2.0,1000,0.806274546286463,,,,0.038533926010131836
quantum,2,qary,2.0,100,0.01,1.0,3.0,1.0,5.0067901611328125e-06
quantum,2,qary,2.0,200,0.01,1.0,3.0,1.0,7.152557373046875e-06
quantum,2,qary,2.0,300,0.01,1.0,3.0,1.0,7.152557373046875e-06
quantum,2,qary,2.0,400,0.01,1.0,3.0,1.0,7.867813110351562e-06
quantum,2,qary,2.0,500,0.01,1.0,3.0,1.0,7.867813110351562e-06
quantum,2,qary,2.0,600,0.01,1.0,3.0,1.0,8.821487426757812e-06
quantum,2,qary,2.0,700,0.01,1.0,3.0,1.0,8.821487426757812e-06
quantum,2,qary,2.0,800,0.01,1.0,3.0,1.0,1.0013580322265625e-05
quantum,2,qary,2.0,900,0.01,1.0,3.0,1.0,1.0013580322265625e-05
quantum,2,qary,2.0,1000,0.01,1.0,3.0,1.0,1.0967254638671875e-05
classical,2,qary,4.0,100,0.852323062160449,,,,0.005101203918457031
classical,2,qary,4.0,200,0.8482746153229662,,,,0.010262012481689453
classical,2,qary,4.0,300,0.8522983125560966,,,,0.015471220016479492
classical,2,qary,4.0,400,0.8545738995726329,,,,0.020775318145751953
classical,2,qary,4.0,500,0.8567060024466222,,,,0.02611708641052246
classical,2,qary,4.0,600,0.8610301727087659,,,,0.03155827522277832
classical,2,qary,4.0,700,0.8582917088936104,,,,0.03706026077270508
classical,2,qary,4.0,800,0.8563623125570705,,,,0.04262399673461914
classical,2,qary,4.0,900,0.8509991130156348,,,,0.048258066177368164
classical,2,qary,4.0,1000,0.8528235000209742,,,,0.05397605895996094
quantum,2,qary,4.0,100,0.01,0.0,5.0,,2.86102294921875e-06
quantum,2,qary,4.0,200,0.01,0.0,5.0,,4.0531158447265625e-06
quantum,2,qary,4.0,300,0.01,0.0,5.0,,5.0067901611328125e-06
quantum,2,qary,4.0,400,0.01,0.0,5.0,,5.0067901611328125e-06
quantum,2,qary,4.0,500,0.01,0.0,5.0,,5.9604644775390625e-06
quantum,2,qary,4.0,600,0.01,0.0,5.0,,5.9604644775390625e-06
quantum,2,qary,4.0,700,0.01,0.0,5.0,,7.152557373046875e-06
quantum,2,qary,4.0,800,0.01,0.0,5.0,,7.152557373046875e-06
quantum,2,qary,4.0,900,0.01,0.0,5.0,,7.152557373046875e-06
quantum,2,qary,4.0,1000,0.01,0.0,5.0,,7.867813110351562e-06
classical,4,identity,1.0,100,1.0,,,,0.004860877990722656
classical,4,identity,1.0,200,1.0,,,,0.009897947311401367
classical,4,identity,1.0,300,0.9593114812808876,,,,0.014467000961303711
classical,4,identity,1.0,400,0.9647331600508353,,,,0.0192568302154541
classical,4,identity,1.0,500,0.9684405323238809,,,,0.024558067321777344
classical,4,identity,1.0,600,0.9647331600508353,,,,0.029790878295898438
classical,4,identity,1.0,700,0.950250628144669,,,,0.03518486022949219
classical,4,identity,1.0,800,0.950250628144669,,,,0.04061007499694824
classical,4,identity,1.0,900,0.950250628144669,,,,0.04619598388671875
classical,4,identity,1.0,1000,0.9478487775790442,,,,0.05177712440490723
quantum,4,identity,1.0,100,0.01,4.0,2.0,4.0,4.76837158203125e-06
quantum,4,identity,1.0,200,0.01,4.0,2.0,4.0,5.7220458984375e-06
quantum,4,identity,1.0,300,0.01,4.0,2.0,4.0,6.9141387939453125e-06
quantum,4,identity,1.0,400,0.01,4.0,2.0,4.0,6.9141387939453125e-06
quantum,4,identity,1.0,500,0.01,4.0,2.0,4.0,7.867813110351562e-06
quantum,4,identity,1.0,600,0.01,4.0,2.0,4.0,7.867813110351562e-06
quantum,4,identity,1.0,700,0.01,4.0,2.0,4.0,8.821487426757812e-06
quantum,4,identity,1.0,800,0.01,4.0,2.0,4.0,8.821487426757812e-06
quantum,4,identity,1.0,900,0.01,4.0,2.0,4.0,1.0013580322265625e-05
quantum,4,identity,1.0,1000,0.01,4.0,2.0,4.0,1.0013580322265625e-05
classical,4,identity,2.0,100,0.8660050229644165,,,,0.006489992141723633
classical,4,identity,2.0,200,0.8725174111003815,,,,0.013033866882324219
classical,4,identity,2.0,300,0.8756757138756847,,,,0.019826173782348633
classical,4,identity,2.0,400,0.8630137319421681,,,,0.026661157608032227
classical,4,identity,2.0,500,0.8673680706151999,,,,0.03347301483154297
classical,4,identity,2.0,600,0.8666841774117662,,,,0.040348052978515625
classical,4,identity,2.0,700,0.8642273166752019,,,,0.04727292060852051
classical,4,identity,2.0,800,0.8608650255668555,,,,0.05427408218383789
classical,4,identity,2.0,900,0.8585061246083923,,,,0.061370134353637695
classical,4,identity,2.0,1000,0.860377164626488,,,,0.06855297088623047
quantum,4,identity,2.0,100,0.01,2.0,4.0,2.0,3.814697265625e-06
quantum,4,identity,2.0,200,0.01,2.0,4.0,2.0,4.76837158203125e-06
quantum,4,identity,2.0,300,0.01,2.0,4.0,2.0,4.76837158203125e-06
quantum,4,identity,2.0,400,0.01,2.0,4.0,2.0,5.7220458984375e-06
quantum,4,identity,2.0,500,0.01,2.0,4.0,2.0,5.7220458984375e-06
quantum,4,identity,2.0,600,0.01,2.0,4.0,2.0,6.9141387939453125e-06
quantum,4,identity,2.0,700,0.01,2.0,4.0,2.0,6.9141387939453125e-06
quantum,4,identity,2.0,800,0.01,2.0,4.0,2.0,6.9141387939453125e-06
quantum,4,identity,2.0,900,0.01,2.0,4.0,2.0,7.867813110351562e-06
quantum,4,identity,2.0,1000,0.01,2.0,4.0,2.0,7.867813110351562e-06
classical,4,identity,4.0,100,0.8987716493265673,,,,0.009863853454589844
classical,4,identity,4.0,200,0.891145874353124,,,,0.01937413215637207
classical,4,identity,4.0,300,0.8987645249282294,,,,0.029592037200927734
classical,4,identity,4.0,400,0.8985779805934815,,,,0.039624929428100586
classical,4,identity,4.0,500,0.9013514791960009,,,,0.04975104331970215
classical,4,identity,4.0,600,0.9015487914146034,,,,0.06014108657836914
classical,4,identity,4.0,700,0.9031147248307189,,,,0.0706779956817627
classical,4,identity,4.0,800,0.9055827881961701,,,,0.08107805252075195
classical,4,identity,4.0,900,0.9036363738112414,,,,0.09151625633239746
classical,4,identity,4.0,1000,0.9035190764567937,,,,0.10197925567626953
quantum,4,identity,4.0,100,0.01,1.0,6.0,1.0,5.245208740234375e-06
quantum,4,identity,4.0,200,0.01,1.0,6.0,1.0,5.9604644775390625e-06
quantum,4,identity,4.0,300,0.01,1.0,6.0,1.0,6.9141387939453125e-06
quantum,4,identity,4.0,400,0.01,1.0,6.0,1.0,7.867813110351562e-06
quantum,4,identity,4.0,500,0.01,1.0,6.0,1.0,7.867813110351562e-06
quantum,4,identity,4.0,600,0.01,1.0,6.0,1.0,9.059906005859375e-06
quantum,4,identity,4.0,700,0.01,1.0,6.0,1.0,9.059906005859375e-06
quantum,4,identity,4.0,800,0.01,1.0,6.0,1.0,1.0013580322265625e-05
quantum,4,identity,4.0,900,0.01,1.0,6.0,1.0,1.0013580322265625e-05
quantum,4,identity,4.0,1000,0.01,1.0,6.0,1.0,1.0967254638671875e-05
classical,4,random,1.0,100,0.950250628144669,,,,0.004915952682495117
classical,4,random,1.0,200,0.9647331600508353,,,,0.010114908218383789
classical,4,random,1.0,300,0.9593114812808876,,,,0.01526498794555664
classical,4,random,1.0,400,0.9647331600508353,,,,0.020554780960083008
classical,4,random,1.0,500,0.9684405323238809,,,,0.025778770446777344
classical,4,random,1.0,600,0.9647331600508353,,,,0.03117203712463379
classical,4,random,1.0,700,0.9539078119859952,,,,0.03647184371948242
classical,4,random,1.0,800,0.9568614151831565,,,,0.04180502891540527
classical,4,random,1.0,900,0.9560759634407956,,,,0.04729795455932617
classical,4,random,1.0,1000,0.950250628144669,,,,0.05279994010925293
quantum,4,random,1.0,100,0.01,4.0,2.0,4.0,5.0067901611328125e-06
quantum,4,random,1.0,200,0.01,4.0,2.0,4.0,6.9141387939453125e-06
quantum,4,random,1.0,300,0.01,4.0,2.0,4.0,8.106231689453125e-06
quantum,4,random,1.0,400,0.01,4.0,2.0,4.0,8.106231689453125e-06
quantum,4,random,1.0,500,0.01,4.0,2.0,4.0,9.059906005859375e-06
quantum,4,random,1.0,600,0.01,4.0,2.0,4.0,9.059906005859375e-06
quantum,4,random,1.0,700,0.01,4.0,2.0,4.0,1.0013580322265625e-05
quantum,4,random,1.0,800,0.01,4.0,2.0,4.0,1.0013580322265625e-05
quantum,4,random,1.0,900,0.01,4.0,2.0,4.0,1.0013580322265625e-05
quantum,4,random,1.0,1000,0.01,4.0,2.0,4.0,1.0967254638671875e-05
classical,4,random,2.0,100,0.8395578593073606,,,,0.006669044494628906
classical,4,random,2.0,200,0.8596132346005294,,,,0.013406038284301758
classical,4,random,2.0,300,0.8541678105487841,,,,0.02033686637878418
classical,4,random,2.0,400,0.8529730342964749,,,,0.02710890769958496
classical,4,random,2.0,500,0.854764831410746,,,,0.034008026123046875
classical,4,random,2.0,600,0.8515563691813971,,,,0.04083395004272461
classical,4,random,2.0,700,0.8501715240196359,,,,0.04790782928466797
classical,4,random,2.0,800,0.8476103156771012,,,,0.05492687225341797
classical,4,random,2.0,900,0.8500714904070039,,,,0.06195998191833496
classical,4,random,2.0,1000,0.8501790686812973,,,,0.0689847469329834
quantum,4,random,2.0,100,0.01,2.0,4.0,2.0,5.245208740234375e-06
quantum,4,random,2.0,200,0.01,2.0,4.0,2.0,6.198883056640625e-06
quantum,4,random,2.0,300,0.01,2.0,4.0,2.0,6.9141387939453125e-06
quantum,4,random,2.0,400,0.01,2.0,4.0,2.0,6.9141387939453125e-06
quantum,4,random,2.0,500,0.01,2.0,4.0,2.0,7.867813110351562e-06
quantum,4,random,2.0,600,0.01,2.0,4.0,2.0,7.867813110351562e-06
quantum,4,random,2.0,700,0.01,2.0,4.0,2.0,9.059906005859375e-06
quantum,4,random,2.0,800,0.01,2.0,4.0,2.0,9.059906005859375e-06
quantum,4,random,2.0,900,0.01,2.0,4.0,2.0,1.0013580322265625e-05
quantum,4,random,2.0,1000,0.01,2.0,4.0,2.0,1.0013580322265625e-05
classical,4,random,4.0,100,0.9111754047365156,,,,0.009908914566040039
classical,4,random,4.0,200,0.9051390867484144,,,,0.019771099090576172
classical,4,random,4.0,300,0.9068829044521929,,,,0.029885053634643555
classical,4,random,4.0,400,0.9023789914513418,,,,0.04011416435241699
classical,4,random,4.0,500,0.9053927835413778,,,,0.05036520957946777
classical,4,random,4.0,600,0.9043898255392658,,,,0.06051898002624512
classical,4,random,4.0,700,0.9049935821339156,,,,0.07079100608825684
classical,4,random,4.0,800,0.9036695479174787,,,,0.08167910575866699
classical,4,random,4.0,900,0.9049399763346249,,,,0.0923149585723877
classical,4,random,4.0,1000,0.9056864814550556,,,,0.10295605659484863
quantum,4,random,4.0,100,0.01,1.0,6.0,1.0,5.0067901611328125e-06
quantum,4,random,4.0,200,0.01,1.0,6.0,1.0,5.7220458984375e-06
quantum,4,random,4.0,300,0.01,1.0,6.0,1.0,5.7220458984375e-06
quantum,4,random,4.0,400,0.01,1.0,6.0,1.0,6.9141387939453125e-06
quantum,4,random,4.0,500,0.01,1.0,6.0,1.0,6.9141387939453125e-06
quantum,4,random,4.0,600,0.01,1.0,6.0,1.0,7.867813110351562e-06
quantum,4,random,4.0,700,0.01,1.0,6.0,1.0,7.867813110351562e-06
quantum,4,random,4.0,800,0.01,1.0,6.0,1.0,8.821487426757812e-06
quantum,4,random,4.0,900,0.01,1.0,6.0,1.0,8.821487426757812e-06
quantum,4,random,4.0,1000,0.01,1.0,6.0,1.0,9.775161743164062e-06
classical,4,lll,1.0,100,0.950250628144669,,,,0.00503087043762207
classical,4,lll,1.0,200,0.9392237710942839,,,,0.009933710098266602
classical,4,lll,1.0,300,0.93,,,,0.015127897262573242
classical,4,lll,1.0,400,0.93,,,,0.02046680450439453
classical,4,lll,1.0,500,0.9372624514345675,,,,0.025989770889282227
classical,4,lll,1.0,600,0.9426511648863825,,,,0.03149008750915527
classical,4,lll,1.0,700,0.9468540707493193,,,,0.03698992729187012
classical,4,lll,1.0,800,0.950250628144669,,,,0.0425260066986084
classical,4,lll,1.0,900,0.9530695287067936,,,,0.0479578971862793
classical,4,lll,1.0,1000,0.9554578850973598,,,,0.05360889434814453
quantum,4,lll,1.0,100,0.01,4.0,2.0,4.0,5.0067901611328125e-06
quantum,4,lll,1.0,200,0.01,4.0,2.0,4.0,7.152557373046875e-06
quantum,4,lll,1.0,300,0.01,4.0,2.0,4.0,7.152557373046875e-06
quantum,4,lll,1.0,400,0.01,4.0,2.0,4.0,8.106231689453125e-06
quantum,4,lll,1.0,500,0.01,4.0,2.0,4.0,8.821487426757812e-06
quantum,4,lll,1.0,600,0.01,4.0,2.0,4.0,8.821487426757812e-06
quantum,4,lll,1.0,700,0.01,4.0,2.0,4.0,8.821487426757812e-06
quantum,4,lll,1.0,800,0.01,4.0,2.0,4.0,9.775161743164062e-06
quantum,4,lll,1.0,900,0.01,4.0,2.0,4.0,9.775161743164062e-06
quantum,4,lll,1.0,1000,0.01,4.0,2.0,4.0,1.0967254638671875e-05
classical,4,lll,2.0,100,0.8669843978765066,,,,0.006695270538330078
classical,4,lll,2.0,200,0.836449598900865,,,,0.013326168060302734
classical,4,lll,2.0,300,0.846378582284344,,,,0.02008819580078125
classical,4,lll,2.0,400,0.8433100836523048,,,,0.02688002586364746
classical,4,lll,2.0,500,0.8469742142300323,,,,0.033718109130859375
classical,4,lll,2.0,600,0.84995728214709,,,,0.04077625274658203
classical,4,lll,2.0,700,0.8498848036780408,,,,0.04790139198303223
classical,4,lll,2.0,800,0.850746530599864,,,,0.05494117736816406
classical,4,lll,2.0,900,0.8494186670258308,,,,0.06214404106140137
classical,4,lll,2.0,1000,0.8488903296078141,,,,0.06959009170532227
quantum,4,lll,2.0,100,0.01,2.0,4.0,2.0,6.9141387939453125e-06
quantum,4,lll,2.0,200,0.01,2.0,4.0,2.0,7.867813110351562e-06
quantum,4,lll,2.0,300,0.01,2.0,4.0,2.0,8.821487426757812e-06
quantum,4,lll,2.0,400,0.01,2.0,4.0,2.0,8.821487426757812e-06
quantum,4,lll,2.0,500,0.01,2.0,4.0,2.0,9.775161743164062e-06
quantum,4,lll,2.0,600,0.01,2.0,4.0,2.0,9.775161743164062e-06
quantum,4,lll,2.0,700,0.01,2.0,4.0,2.0,9.775161743164062e-06
quantum,4,lll,2.0,800,0.01,2.0,4.0,2.0,1.0967254638671875e-05
quantum,4,lll,2.0,900,0.01,2.0,4.0,2.0,1.0967254638671875e-05
quantum,4,lll,2.0,1000,0.01,2.0,4.0,2.0,1.1920928955078125e-05
classical,4,lll,4.0,100,0.900799501645015,,,,0.009916305541992188
classical,4,lll,4.0,200,0.8963113912577203,,,,0.019848108291625977
classical,4,lll,4.0,300,0.8980469247497533,,,,0.02983713150024414
classical,4,lll,4.0,400,0.8940221054428383,,,,0.03995919227600098
classical,4,lll,4.0,500,0.89393287999472,,,,0.05042314529418945
classical,4,lll,4.0,600,0.8922167504358642,,,,0.060706138610839844
classical,4,lll,4.0,700,0.89445937818909,,,,0.07085490226745605
classical,4,lll,4.0,800,0.8935833569890813,,,,0.08104825019836426
classical,4,lll,4.0,900,0.8933269203166192,,,,0.09147906303405762
classical,4,lll,4.0,1000,0.8948491748474321,,,,0.1020960807800293
quantum,4,lll,4.0,100,0.01,1.0,6.0,1.0,5.0067901611328125e-06
quantum,4,lll,4.0,200,0.01,1.0,6.0,1.0,5.9604644775390625e-06
quantum,4,lll,4.0,300,0.01,1.0,6.0,1.0,6.9141387939453125e-06
quantum,4,lll,4.0,400,0.01,1.0,6.0,1.0,8.106231689453125e-06
quantum,4,lll,4.0,500,0.01,1.0,6.0,1.0,8.106231689453125e-06
quantum,4,lll,4.0,600,0.01,1.0,6.0,1.0,9.059906005859375e-06
quantum,4,lll,4.0,700,0.01,1.0,6.0,1.0,9.059906005859375e-06
quantum,4,lll,4.0,800,0.01,1.0,6.0,1.0,9.059906005859375e-06
quantum,4,lll,4.0,900,0.01,1.0,6.0,1.0,1.0013580322265625e-05
quantum,4,lll,4.0,1000,0.01,1.0,6.0,1.0,1.0013580322265625e-05
classical,4,qary,1.0,100,1.0,,,,0.004853963851928711
classical,4,qary,1.0,200,1.0,,,,0.009755134582519531
classical,4,qary,1.0,300,0.9593114812808876,,,,0.014731884002685547
classical,4,qary,1.0,400,0.9647331600508353,,,,0.019827842712402344
classical,4,qary,1.0,500,0.9684405323238809,,,,0.02496790885925293
classical,4,qary,1.0,600,0.9647331600508353,,,,0.03020000457763672
classical,4,qary,1.0,700,0.950250628144669,,,,0.03551292419433594
classical,4,qary,1.0,800,0.950250628144669,,,,0.04090309143066406
classical,4,qary,1.0,900,0.950250628144669,,,,0.04637885093688965
classical,4,qary,1.0,1000,0.9478487775790442,,,,0.051901817321777344
quantum,4,qary,1.0,100,0.01,4.0,2.0,4.0,2.86102294921875e-06
quantum,4,qary,1.0,200,0.01,4.0,2.0,4.0,4.0531158447265625e-06
quantum,4,qary,1.0,300,0.01,4.0,2.0,4.0,4.0531158447265625e-06
quantum,4,qary,1.0,400,0.01,4.0,2.0,4.0,5.0067901611328125e-06
quantum,4,qary,1.0,500,0.01,4.0,2.0,4.0,5.0067901611328125e-06
quantum,4,qary,1.0,600,0.01,4.0,2.0,4.0,5.9604644775390625e-06
quantum,4,qary,1.0,700,0.01,4.0,2.0,4.0,6.9141387939453125e-06
quantum,4,qary,1.0,800,0.01,4.0,2.0,4.0,6.9141387939453125e-06
quantum,4,qary,1.0,900,0.01,4.0,2.0,4.0,6.9141387939453125e-06
quantum,4,qary,1.0,1000,0.01,4.0,2.0,4.0,8.106231689453125e-06
classical,4,qary,2.0,100,0.8660050229644165,,,,0.006557941436767578
classical,4,qary,2.0,200,0.8725174111003815,,,,0.01335597038269043
classical,4,qary,2.0,300,0.8756757138756847,,,,0.020082950592041016
classical,4,qary,2.0,400,0.8630137319421681,,,,0.026828765869140625
classical,4,qary,2.0,500,0.8673680706151999,,,,0.0336458683013916
classical,4,qary,2.0,600,0.8666841774117662,,,,0.04052472114562988
classical,4,qary,2.0,700,0.8642273166752019,,,,0.04759502410888672
classical,4,qary,2.0,800,0.8608650255668555,,,,0.05482077598571777
classical,4,qary,2.0,900,0.8585061246083923,,,,0.06213688850402832
classical,4,qary,2.0,1000,0.860377164626488,,,,0.0693979263305664
quantum,4,qary,2.0,100,0.01,2.0,4.0,2.0,5.0067901611328125e-06
quantum,4,qary,2.0,200,0.01,2.0,4.0,2.0,5.9604644775390625e-06
quantum,4,qary,2.0,300,0.01,2.0,4.0,2.0,6.9141387939453125e-06
quantum,4,qary,2.0,400,0.01,2.0,4.0,2.0,8.106231689453125e-06
quantum,4,qary,2.0,500,0.01,2.0,4.0,2.0,8.106231689453125e-06
quantum,4,qary,2.0,600,0.01,2.0,4.0,2.0,9.059906005859375e-06
quantum,4,qary,2.0,700,0.01,2.0,4.0,2.0,9.059906005859375e-06
quantum,4,qary,2.0,800,0.01,2.0,4.0,2.0,1.0013580322265625e-05
quantum,4,qary,2.0,900,0.01,2.0,4.0,2.0,1.0013580322265625e-05
quantum,4,qary,2.0,1000,0.01,2.0,4.0,2.0,1.0013580322265625e-05
classical,4,qary,4.0,100,0.8987716493265673,,,,0.009860038757324219
classical,4,qary,4.0,200,0.891145874353124,,,,0.01988983154296875
classical,4,qary,4.0,300,0.8987645249282294,,,,0.029977798461914062
classical,4,qary,4.0,400,0.8985779805934815,,,,0.0401918888092041
classical,4,qary,4.0,500,0.9013514791960009,,,,0.05067896842956543
classical,4,qary,4.0,600,0.9015487914146034,,,,0.06118297576904297
classical,4,qary,4.0,700,0.9031147248307189,,,,0.07176494598388672
classical,4,qary,4.0,800,0.9055827881961701,,,,0.08211994171142578
classical,4,qary,4.0,900,0.9036363738112414,,,,0.0924539566040039
classical,4,qary,4.0,1000,0.9035190764567937,,,,0.10313701629638672
quantum,4,qary,4.0,100,0.01,1.0,6.0,1.0,5.0067901611328125e-06
quantum,4,qary,4.0,200,0.01,1.0,6.0,1.0,5.9604644775390625e-06
quantum,4,qary,4.0,300,0.01,1.0,6.0,1.0,6.9141387939453125e-06
quantum,4,qary,4.0,400,0.01,1.0,6.0,1.0,6.9141387939453125e-06
quantum,4,qary,4.0,500,0.01,1.0,6.0,1.0,7.867813110351562e-06
quantum,4,qary,4.0,600,0.01,1.0,6.0,1.0,7.867813110351562e-06
quantum,4,qary,4.0,700,0.01,1.0,6.0,1.0,9.059906005859375e-06
quantum,4,qary,4.0,800,0.01,1.0,6.0,1.0,9.059906005859375e-06
quantum,4,qary,4.0,900,0.01,1.0,6.0,1.0,1.0013580322265625e-05
quantum,4,qary,4.0,1000,0.01,1.0,6.0,1.0,1.0013580322265625e-05
classical,8,identity,1.0,100,0.9648218818013242,,,,0.009937286376953125
classical,8,identity,1.0,200,0.9648218818013242,,,,0.01934814453125
classical,8,identity,1.0,300,0.9547384146199991,,,,0.02875804901123047
classical,8,identity,1.0,400,0.9475670070470892,,,,0.03824114799499512
classical,8,identity,1.0,500,0.9437372236731958,,,,0.047820091247558594
classical,8,identity,1.0,600,0.9485252219259007,,,,0.057290077209472656
classical,8,identity,1.0,700,0.9488026029041733,,,,0.06696820259094238
classical,8,identity,1.0,800,0.944801494585451,,,,0.07630419731140137
classical,8,identity,1.0,900,0.9478842693352951,,,,0.08586502075195312
classical,8,identity,1.0,1000,0.9458890029661252,,,,0.09544610977172852
quantum,8,identity,1.0,100,0.01,8.0,3.0,8.0,4.0531158447265625e-06
quantum,8,identity,1.0,200,0.01,8.0,3.0,8.0,5.245208740234375e-06
quantum,8,identity,1.0,300,0.01,8.0,3.0,8.0,6.198883056640625e-06
quantum,8,identity,1.0,400,0.01,8.0,3.0,8.0,7.152557373046875e-06
quantum,8,identity,1.0,500,0.01,8.0,3.0,8.0,7.152557373046875e-06
quantum,8,identity,1.0,600,0.01,8.0,3.0,8.0,8.344650268554688e-06
quantum,8,identity,1.0,700,0.01,8.0,3.0,8.0,8.344650268554688e-06
quantum,8,identity,1.0,800,0.01,8.0,3.0,8.0,8.344650268554688e-06
quantum,8,identity,1.0,900,0.01,8.0,3.0,8.0,9.059906005859375e-06
quantum,8,identity,1.0,1000,0.01,8.0,3.0,8.0,9.059906005859375e-06
classical,8,identity,2.0,100,0.86094024209116,,,,0.012194156646728516
classical,8,identity,2.0,200,0.877118631514059,,,,0.025037050247192383
classical,8,identity,2.0,300,0.8919106979320707,,,,0.0378718376159668
classical,8,identity,2.0,400,0.8955258085886557,,,,0.050637006759643555
classical,8,identity,2.0,500,0.9020749220694714,,,,0.06351900100708008
classical,8,identity,2.0,600,0.8968150334870897,,,,0.07651591300964355
classical,8,identity,2.0,700,0.8988778250632427,,,,0.08966302871704102
classical,8,identity,2.0,800,0.9017897076769512,,,,0.10342693328857422
classical,8,identity,2.0,900,0.8953792114896325,,,,0.11685514450073242
classical,8,identity,2.0,1000,0.8980982788358048,,,,0.12999296188354492
quantum,8,identity,2.0,100,0.01,4.0,5.0,4.0,4.0531158447265625e-06
quantum,8,identity,2.0,200,0.01,4.0,5.0,4.0,5.0067901611328125e-06
quantum,8,identity,2.0,300,0.01,4.0,5.0,4.0,5.9604644775390625e-06
quantum,8,identity,2.0,400,0.01,4.0,5.0,4.0,5.9604644775390625e-06
quantum,8,identity,2.0,500,0.01,4.0,5.0,4.0,7.152557373046875e-06
quantum,8,identity,2.0,600,0.01,4.0,5.0,4.0,7.152557373046875e-06
quantum,8,identity,2.0,700,0.01,4.0,5.0,4.0,8.106231689453125e-06
quantum,8,identity,2.0,800,0.01,4.0,5.0,4.0,8.106231689453125e-06
quantum,8,identity,2.0,900,0.01,4.0,5.0,4.0,8.106231689453125e-06
quantum,8,identity,2.0,1000,0.01,4.0,5.0,4.0,8.821487426757812e-06
classical,8,identity,4.0,100,0.9067495348765898,,,,0.0195467472076416
classical,8,identity,4.0,200,0.9116732262447308,,,,0.03876781463623047
classical,8,identity,4.0,300,0.921725440791608,,,,0.05800771713256836
classical,8,identity,4.0,400,0.9201281495529308,,,,0.07735681533813477
classical,8,identity,4.0,500,0.9199323923543993,,,,0.09705972671508789
classical,8,identity,4.0,600,0.92290139356558,,,,0.1167747974395752
classical,8,identity,4.0,700,0.925055250143935,,,,0.13678383827209473
classical,8,identity,4.0,800,0.9247121230069217,,,,0.15694069862365723
classical,8,identity,4.0,900,0.9255336650959385,,,,0.17661070823669434
classical,8,identity,4.0,1000,0.9222662970072982,,,,0.19623279571533203
quantum,8,identity,4.0,100,0.01,2.0,7.0,2.0,5.0067901611328125e-06
quantum,8,identity,4.0,200,0.01,2.0,7.0,2.0,5.9604644775390625e-06
quantum,8,identity,4.0,300,0.01,2.0,7.0,2.0,6.9141387939453125e-06
quantum,8,identity,4.0,400,0.01,2.0,7.0,2.0,7.867813110351562e-06
quantum,8,identity,4.0,500,0.01,2.0,7.0,2.0,8.821487426757812e-06
quantum,8,identity,4.0,600,0.01,2.0,7.0,2.0,8.821487426757812e-06
quantum,8,identity,4.0,700,0.01,2.0,7.0,2.0,8.821487426757812e-06
quantum,8,identity,4.0,800,0.01,2.0,7.0,2.0,1.0013580322265625e-05
quantum,8,identity,4.0,900,0.01,2.0,7.0,2.0,1.0013580322265625e-05
quantum,8,identity,4.0,1000,0.01,2.0,7.0,2.0,1.0967254638671875e-05
classical,8,random,1.0,100,0.9097919072366565,,,,0.009190797805786133
classical,8,random,1.0,200,0.935024042908165,,,,0.018798828125
classical,8,random,1.0,300,0.9365352241178009,,,,0.02835369110107422
classical,8,random,1.0,400,0.9373065493851233,,,,0.03816080093383789
classical,8,random,1.0,500,0.93592582423472,,,,0.04781389236450195
classical,8,random,1.0,600,0.928014276106686,,,,0.05747365951538086
classical,8,random,1.0,700,0.9295441229403474,,,,0.06717181205749512
classical,8,random,1.0,800,0.9339167783208173,,,,0.07697582244873047
classical,8,random,1.0,900,0.9365352241178009,,,,0.08690190315246582
classical,8,random,1.0,1000,0.9387229651500661,,,,0.09684371948242188
quantum,8,random,1.0,100,0.01,8.0,3.0,8.0,5.0067901611328125e-06
quantum,8,random,1.0,200,0.01,8.0,3.0,8.0,6.9141387939453125e-06
quantum,8,random,1.0,300,0.01,8.0,3.0,8.0,8.106231689453125e-06
quantum,8,random,1.0,400,0.01,8.0,3.0,8.0,8.106231689453125e-06
quantum,8,random,1.0,500,0.01,8.0,3.0,8.0,9.059906005859375e-06
quantum,8,random,1.0,600,0.01,8.0,3.0,8.0,9.059906005859375e-06
quantum,8,random,1.0,700,0.01,8.0,3.0,8.0,1.0013580322265625e-05
quantum,8,random,1.0,800,0.01,8.0,3.0,8.0,1.0013580322265625e-05
quantum,8,random,1.0,900,0.01,8.0,3.0,8.0,1.0013580322265625e-05
quantum,8,random,1.0,1000,0.01,8.0,3.0,8.0,1.0967254638671875e-05
classical,8,random,2.0,100,0.8851306136294355,,,,0.012567996978759766
classical,8,random,2.0,200,0.9039499942811167,,,,0.02554798126220703
classical,8,random,2.0,300,0.9086410551503475,,,,0.03879809379577637
classical,8,random,2.0,400,0.9067712235642235,,,,0.051904916763305664
classical,8,random,2.0,500,0.9112483827118092,,,,0.06487703323364258
classical,8,random,2.0,600,0.8945630310465545,,,,0.07788586616516113
classical,8,random,2.0,700,0.9001805234458838,,,,0.09101700782775879
classical,8,random,2.0,800,0.9022099625447801,,,,0.10414791107177734
classical,8,random,2.0,900,0.9045726237917052,,,,0.1175539493560791
classical,8,random,2.0,1000,0.9012984629409662,,,,0.13099217414855957
quantum,8,random,2.0,100,0.01,4.0,5.0,4.0,5.0067901611328125e-06
quantum,8,random,2.0,200,0.01,4.0,5.0,4.0,5.9604644775390625e-06
quantum,8,random,2.0,300,0.01,4.0,5.0,4.0,5.9604644775390625e-06
quantum,8,random,2.0,400,0.01,4.0,5.0,4.0,6.9141387939453125e-06
quantum,8,random,2.0,500,0.01,4.0,5.0,4.0,6.9141387939453125e-06
quantum,8,random,2.0,600,0.01,4.0,5.0,4.0,7.867813110351562e-06
quantum,8,random,2.0,700,0.01,4.0,5.0,4.0,7.867813110351562e-06
quantum,8,random,2.0,800,0.01,4.0,5.0,4.0,9.059906005859375e-06
quantum,8,random,2.0,900,0.01,4.0,5.0,4.0,9.059906005859375e-06
quantum,8,random,2.0,1000,0.01,4.0,5.0,4.0,1.0013580322265625e-05
classical,8,random,4.0,100,0.8586228216525211,,,,0.01953887939453125
classical,8,random,4.0,200,0.8614991608895078,,,,0.03957819938659668
classical,8,random,4.0,300,0.8720137433097507,,,,0.05920815467834473
classical,8,random,4.0,400,0.881790348011219,,,,0.07920312881469727
classical,8,random,4.0,500,0.8902397974980579,,,,0.09914493560791016
classical,8,random,4.0,600,0.895388259795377,,,,0.11885428428649902
classical,8,random,4.0,700,0.8981201328627113,,,,0.1385059356689453
classical,8,random,4.0,800,0.8991482051871934,,,,0.15838217735290527
classical,8,random,4.0,900,0.9031582510253007,,,,0.17834115028381348
classical,8,random,4.0,1000,0.9064108565910712,,,,0.1986691951751709
quantum,8,random,4.0,100,0.01,2.0,7.0,2.0,5.0067901611328125e-06
quantum,8,random,4.0,200,0.01,2.0,7.0,2.0,6.198883056640625e-06
quantum,8,random,4.0,300,0.01,2.0,7.0,2.0,6.9141387939453125e-06
quantum,8,random,4.0,400,0.01,2.0,7.0,2.0,7.867813110351562e-06
quantum,8,random,4.0,500,0.01,2.0,7.0,2.0,8.821487426757812e-06
quantum,8,random,4.0,600,0.01,2.0,7.0,2.0,8.821487426757812e-06
quantum,8,random,4.0,700,0.01,2.0,7.0,2.0,8.821487426757812e-06
quantum,8,random,4.0,800,0.01,2.0,7.0,2.0,1.0013580322265625e-05
quantum,8,random,4.0,900,0.01,2.0,7.0,2.0,1.0013580322265625e-05
quantum,8,random,4.0,1000,0.01,2.0,7.0,2.0,1.0967254638671875e-05
classical,8,lll,1.0,100,0.9307179676972449,,,,0.00933384895324707
classical,8,lll,1.0,200,0.944801494585451,,,,0.01870107650756836
classical,8,lll,1.0,300,0.9365352241178009,,,,0.028120994567871094
classical,8,lll,1.0,400,0.9373065493851233,,,,0.03765392303466797
classical,8,lll,1.0,500,0.9377746032555838,,,,0.04722404479980469
classical,8,lll,1.0,600,0.9380888853992184,,,,0.05686593055725098
classical,8,lll,1.0,700,0.9410984910626049,,,,0.06669998168945312
classical,8,lll,1.0,800,0.944801494585451,,,,0.07705807685852051
classical,8,lll,1.0,900,0.9442074499419921,,,,0.08705997467041016
classical,8,lll,1.0,1000,0.9458890029661252,,,,0.09719395637512207
quantum,8,lll,1.0,100,0.01,8.0,3.0,8.0,3.814697265625e-06
quantum,8,lll,1.0,200,0.01,8.0,3.0,8.0,5.9604644775390625e-06
quantum,8,lll,1.0,300,0.01,8.0,3.0,8.0,6.9141387939453125e-06
quantum,8,lll,1.0,400,0.01,8.0,3.0,8.0,7.867813110351562e-06
quantum,8,lll,1.0,500,0.01,8.0,3.0,8.0,7.867813110351562e-06
quantum,8,lll,1.0,600,0.01,8.0,3.0,8.0,8.821487426757812e-06
quantum,8,lll,1.0,700,0.01,8.0,3.0,8.0,8.821487426757812e-06
quantum,8,lll,1.0,800,0.01,8.0,3.0,8.0,8.821487426757812e-06
quantum,8,lll,1.0,900,0.01,8.0,3.0,8.0,1.0013580322265625e-05
quantum,8,lll,1.0,1000,0.01,8.0,3.0,8.0,1.0013580322265625e-05
classical,8,lll,2.0,100,0.8674603845152712,,,,0.012403011322021484
classical,8,lll,2.0,200,0.894990794971894,,,,0.025223970413208008
classical,8,lll,2.0,300,0.9055014411290703,,,,0.03794097900390625
classical,8,lll,2.0,400,0.9103281187567,,,,0.050740957260131836
classical,8,lll,2.0,500,0.9119878388206021,,,,0.06371593475341797
classical,8,lll,2.0,600,0.9117578572608921,,,,0.07664012908935547
classical,8,lll,2.0,700,0.8912123226434974,,,,0.08976006507873535
classical,8,lll,2.0,800,0.8961275577996243,,,,0.10290694236755371
classical,8,lll,2.0,900,0.8928629299354262,,,,0.11618304252624512
classical,8,lll,2.0,1000,0.8958764364960976,,,,0.12957406044006348
quantum,8,lll,2.0,100,0.01,4.0,5.0,4.0,4.76837158203125e-06
quantum,8,lll,2.0,200,0.01,4.0,5.0,4.0,5.9604644775390625e-06
quantum,8,lll,2.0,300,0.01,4.0,5.0,4.0,6.9141387939453125e-06
quantum,8,lll,2.0,400,0.01,4.0,5.0,4.0,7.867813110351562e-06
quantum,8,lll,2.0,500,0.01,4.0,5.0,4.0,7.867813110351562e-06
quantum,8,lll,2.0,600,0.01,4.0,5.0,4.0,7.867813110351562e-06
quantum,8,lll,2.0,700,0.01,4.0,5.0,4.0,9.059906005859375e-06
quantum,8,lll,2.0,800,0.01,4.0,5.0,4.0,9.059906005859375e-06
quantum,8,lll,2.0,900,0.01,4.0,5.0,4.0,1.0013580322265625e-05
quantum,8,lll,2.0,1000,0.01,4.0,5.0,4.0,1.0013580322265625e-05
classical,8,lll,4.0,100,0.8663254051468329,,,,0.01955389976501465
classical,8,lll,4.0,200,0.8919978826819621,,,,0.03876972198486328
classical,8,lll,4.0,300,0.9021773202244987,,,,0.05828380584716797
classical,8,lll,4.0,400,0.911368059091289,,,,0.0778348445892334
classical,8,lll,4.0,500,0.9158061640708056,,,,0.09734702110290527
classical,8,lll,4.0,600,0.9168679465818731,,,,0.11690473556518555
classical,8,lll,4.0,700,0.9196981343340455,,,,0.13650870323181152
classical,8,lll,4.0,800,0.9209519506533224,,,,0.1561107635498047
classical,8,lll,4.0,900,0.9235389171469062,,,,0.17574071884155273
classical,8,lll,4.0,1000,0.9247144434149199,,,,0.19574761390686035
quantum,8,lll,4.0,100,0.01,2.0,7.0,2.0,6.198883056640625e-06
quantum,8,lll,4.0,200,0.01,2.0,7.0,2.0,7.152557373046875e-06
quantum,8,lll,4.0,300,0.01,2.0,7.0,2.0,7.867813110351562e-06
quantum,8,lll,4.0,400,0.01,2.0,7.0,2.0,9.059906005859375e-06
quantum,8,lll,4.0,500,0.01,2.0,7.0,2.0,9.059906005859375e-06
quantum,8,lll,4.0,600,0.01,2.0,7.0,2.0,1.0013580322265625e-05
quantum,8,lll,4.0,700,0.01,2.0,7.0,2.0,1.0013580322265625e-05
quantum,8,lll,4.0,800,0.01,2.0,7.0,2.0,1.0967254638671875e-05
quantum,8,lll,4.0,900,0.01,2.0,7.0,2.0,1.0967254638671875e-05
quantum,8,lll,4.0,1000,0.01,2.0,7.0,2.0,1.1920928955078125e-05
classical,8,qary,1.0,100,0.9648218818013242,,,,0.009650230407714844
classical,8,qary,1.0,200,0.9648218818013242,,,,0.019186019897460938
classical,8,qary,1.0,300,0.9547384146199991,,,,0.028634071350097656
classical,8,qary,1.0,400,0.9475670070470892,,,,0.03794097900390625
classical,8,qary,1.0,500,0.9437372236731958,,,,0.04732513427734375
classical,8,qary,1.0,600,0.9485252219259007,,,,0.05693197250366211
classical,8,qary,1.0,700,0.9488026029041733,,,,0.06687211990356445
classical,8,qary,1.0,800,0.944801494585451,,,,0.07670116424560547
classical,8,qary,1.0,900,0.9478842693352951,,,,0.08659601211547852
classical,8,qary,1.0,1000,0.9458890029661252,,,,0.09649801254272461
quantum,8,qary,1.0,100,0.01,8.0,3.0,8.0,5.0067901611328125e-06
quantum,8,qary,1.0,200,0.01,8.0,3.0,8.0,5.7220458984375e-06
quantum,8,qary,1.0,300,0.01,8.0,3.0,8.0,6.9141387939453125e-06
quantum,8,qary,1.0,400,0.01,8.0,3.0,8.0,7.867813110351562e-06
quantum,8,qary,1.0,500,0.01,8.0,3.0,8.0,7.867813110351562e-06
quantum,8,qary,1.0,600,0.01,8.0,3.0,8.0,8.821487426757812e-06
quantum,8,qary,1.0,700,0.01,8.0,3.0,8.0,8.821487426757812e-06
quantum,8,qary,1.0,800,0.01,8.0,3.0,8.0,8.821487426757812e-06
quantum,8,qary,1.0,900,0.01,8.0,3.0,8.0,9.775161743164062e-06
quantum,8,qary,1.0,1000,0.01,8.0,3.0,8.0,9.775161743164062e-06
classical,8,qary,2.0,100,0.86094024209116,,,,0.012915849685668945
classical,8,qary,2.0,200,0.877118631514059,,,,0.025675058364868164
classical,8,qary,2.0,300,0.8919106979320707,,,,0.0386960506439209
classical,8,qary,2.0,400,0.8955258085886557,,,,0.05198311805725098
classical,8,qary,2.0,500,0.9020749220694714,,,,0.06519603729248047
classical,8,qary,2.0,600,0.8968150334870897,,,,0.07829403877258301
classical,8,qary,2.0,700,0.8988778250632427,,,,0.09166717529296875
classical,8,qary,2.0,800,0.9017897076769512,,,,0.10482597351074219
classical,8,qary,2.0,900,0.8953792114896325,,,,0.11807107925415039
classical,8,qary,2.0,1000,0.8980982788358048,,,,0.13140201568603516
quantum,8,qary,2.0,100,0.01,4.0,5.0,4.0,3.814697265625e-06
quantum,8,qary,2.0,200,0.01,4.0,5.0,4.0,5.9604644775390625e-06
quantum,8,qary,2.0,300,0.01,4.0,5.0,4.0,6.9141387939453125e-06
quantum,8,qary,2.0,400,0.01,4.0,5.0,4.0,6.9141387939453125e-06
quantum,8,qary,2.0,500,0.01,4.0,5.0,4.0,7.867813110351562e-06
quantum,8,qary,2.0,600,0.01,4.0,5.0,4.0,7.867813110351562e-06
quantum,8,qary,2.0,700,0.01,4.0,5.0,4.0,9.059906005859375e-06
quantum,8,qary,2.0,800,0.01,4.0,5.0,4.0,9.059906005859375e-06
quantum,8,qary,2.0,900,0.01,4.0,5.0,4.0,9.059906005859375e-06
quantum,8,qary,2.0,1000,0.01,4.0,5.0,4.0,1.0013580322265625e-05
classical,8,qary,4.0,100,0.9067495348765898,,,,0.019400835037231445
classical,8,qary,4.0,200,0.9116732262447308,,,,0.038858890533447266
classical,8,qary,4.0,300,0.921725440791608,,,,0.05835890769958496
classical,8,qary,4.0,400,0.9201281495529308,,,,0.07833290100097656
classical,8,qary,4.0,500,0.9199323923543993,,,,0.09787678718566895
classical,8,qary,4.0,600,0.92290139356558,,,,0.11748385429382324
classical,8,qary,4.0,700,0.925055250143935,,,,0.13729286193847656
classical,8,qary,4.0,800,0.9247121230069217,,,,0.15749073028564453
classical,8,qary,4.0,900,0.9255336650959385,,,,0.17754578590393066
classical,8,qary,4.0,1000,0.9222662970072982,,,,0.19756102561950684
quantum,8,qary,4.0,100,0.01,2.0,7.0,2.0,5.0067901611328125e-06
quantum,8,qary,4.0,200,0.01,2.0,7.0,2.0,6.198883056640625e-06
quantum,8,qary,4.0,300,0.01,2.0,7.0,2.0,6.9141387939453125e-06
quantum,8,qary,4.0,400,0.01,2.0,7.0,2.0,7.867813110351562e-06
quantum,8,qary,4.0,500,0.01,2.0,7.0,2.0,7.867813110351562e-06
quantum,8,qary,4.0,600,0.01,2.0,7.0,2.0,9.059906005859375e-06
quantum,8,qary,4.0,700,0.01,2.0,7.0,2.0,9.059906005859375e-06
quantum,8,qary,4.0,800,0.01,2.0,7.0,2.0,1.0013580322265625e-05
quantum,8,qary,4.0,900,0.01,2.0,7.0,2.0,1.0013580322265625e-05
quantum,8,qary,4.0,1000,0.01,2.0,7.0,2.0,1.0013580322265625e-05
classical,16,identity,1.0,100,0.9362132458891346,,,,0.018249988555908203
classical,16,identity,1.0,200,0.9383685348218948,,,,0.0368039608001709
classical,16,identity,1.0,300,0.9376390435537676,,,,0.05545401573181152
classical,16,identity,1.0,400,0.9442417326757726,,,,0.07396197319030762
classical,16,identity,1.0,500,0.9415641377234836,,,,0.09218478202819824
classical,16,identity,1.0,600,0.9321767001687473,,,,0.11071014404296875
classical,16,identity,1.0,700,0.9356151557952859,,,,0.12946200370788574
classical,16,identity,1.0,800,0.9394846352155091,,,,0.1479969024658203
classical,16,identity,1.0,900,0.9400752185977268,,,,0.1665940284729004
classical,16,identity,1.0,1000,0.9405914824989481,,,,0.18726396560668945
quantum,16,identity,1.0,100,0.01,16.0,4.0,16.0,6.198883056640625e-06
quantum,16,identity,1.0,200,0.01,16.0,4.0,16.0,6.9141387939453125e-06
quantum,16,identity,1.0,300,0.01,16.0,4.0,16.0,7.867813110351562e-06
quantum,16,identity,1.0,400,0.01,16.0,4.0,16.0,8.821487426757812e-06
quantum,16,identity,1.0,500,0.01,16.0,4.0,16.0,8.821487426757812e-06
quantum,16,identity,1.0,600,0.01,16.0,4.0,16.0,1.0013580322265625e-05
quantum,16,identity,1.0,700,0.01,16.0,4.0,16.0,1.0013580322265625e-05
quantum,16,identity,1.0,800,0.01,16.0,4.0,16.0,1.0967254638671875e-05
quantum,16,identity,1.0,900,0.01,16.0,4.0,16.0,1.0967254638671875e-05
quantum,16,identity,1.0,1000,0.01,16.0,4.0,16.0,1.0967254638671875e-05
classical,16,identity,2.0,100,1.0,,,,0.026782989501953125
classical,16,identity,2.0,200,1.0,,,,0.05243992805480957
classical,16,identity,2.0,300,1.0,,,,0.07793307304382324
classical,16,identity,2.0,400,1.0,,,,0.10333895683288574
classical,16,identity,2.0,500,0.9751002008040225,,,,0.1280829906463623
classical,16,identity,2.0,600,0.8951156601355075,,,,0.15321588516235352
classical,16,identity,2.0,700,0.8704116790835297,,,,0.1782231330871582
classical,16,identity,2.0,800,0.8616564977118724,,,,0.20340299606323242
classical,16,identity,2.0,900,0.8585812158261472,,,,0.22933101654052734
classical,16,identity,2.0,1000,0.8551699232536327,,,,0.2547178268432617
quantum,16,identity,2.0,100,0.01,8.0,6.0,8.0,5.245208740234375e-06
quantum,16,identity,2.0,200,0.01,8.0,6.0,8.0,7.152557373046875e-06
quantum,16,identity,2.0,300,0.01,8.0,6.0,8.0,7.152557373046875e-06
quantum,16,identity,2.0,400,0.01,8.0,6.0,8.0,8.344650268554688e-06
quantum,16,identity,2.0,500,0.01,8.0,6.0,8.0,9.059906005859375e-06
quantum,16,identity,2.0,600,0.01,8.0,6.0,8.0,9.059906005859375e-06
quantum,16,identity,2.0,700,0.01,8.0,6.0,8.0,9.059906005859375e-06
quantum,16,identity,2.0,800,0.01,8.0,6.0,8.0,1.0013580322265625e-05
quantum,16,identity,2.0,900,0.01,8.0,6.0,8.0,1.0013580322265625e-05
quantum,16,identity,2.0,1000,0.01,8.0,6.0,8.0,1.0967254638671875e-05
classical,16,identity,4.0,100,1.0,,,,0.03753232955932617
classical,16,identity,4.0,200,1.0,,,,0.07593131065368652
classical,16,identity,4.0,300,1.0,,,,0.11426711082458496
classical,16,identity,4.0,400,0.8711769535663876,,,,0.15304923057556152
classical,16,identity,4.0,500,0.854340139959117,,,,0.1917891502380371
classical,16,identity,4.0,600,0.8486780600160111,,,,0.23033404350280762
classical,16,identity,4.0,700,0.8534611039656667,,,,0.26914525032043457
classical,16,identity,4.0,800,0.85603447955753,,,,0.3078272342681885
classical,16,identity,4.0,900,0.8606503619007082,,,,0.34708714485168457
classical,16,identity,4.0,1000,0.8626257567921731,,,,0.3860452175140381
quantum,16,identity,4.0,100,0.01,4.0,8.0,4.0,5.245208740234375e-06
quantum,16,identity,4.0,200,0.01,4.0,8.0,4.0,7.152557373046875e-06
quantum,16,identity,4.0,300,0.01,4.0,8.0,4.0,8.106231689453125e-06
quantum,16,identity,4.0,400,0.01,4.0,8.0,4.0,8.106231689453125e-06
quantum,16,identity,4.0,500,0.01,4.0,8.0,4.0,9.298324584960938e-06
quantum,16,identity,4.0,600,0.01,4.0,8.0,4.0,9.298324584960938e-06
quantum,16,identity,4.0,700,0.01,4.0,8.0,4.0,1.0013580322265625e-05
quantum,16,identity,4.0,800,0.01,4.0,8.0,4.0,1.0013580322265625e-05
quantum,16,identity,4.0,900,0.01,4.0,8.0,4.0,1.0967254638671875e-05
quantum,16,identity,4.0,1000,0.01,4.0,8.0,4.0,1.0967254638671875e-05
classical,16,random,1.0,100,0.9510102051443364,,,,0.018433094024658203
classical,16,random,1.0,200,0.9510102051443364,,,,0.03672504425048828
classical,16,random,1.0,300,0.925,,,,0.05507683753967285
classical,16,random,1.0,400,0.9202445142952537,,,,0.07335996627807617
classical,16,random,1.0,500,0.923040595116646,,,,0.09205102920532227
classical,16,random,1.0,600,0.9210896493834684,,,,0.11022210121154785
classical,16,random,1.0,700,0.92534150499268,,,,0.12856698036193848
classical,16,random,1.0,800,0.9297053463802696,,,,0.1470780372619629
classical,16,random,1.0,900,0.9316527356924055,,,,0.16568994522094727
classical,16,random,1.0,1000,0.9258211283688246,,,,0.18468999862670898
quantum,16,random,1.0,100,0.01,16.0,4.0,16.0,5.245208740234375e-06
quantum,16,random,1.0,200,0.01,16.0,4.0,16.0,7.152557373046875e-06
quantum,16,random,1.0,300,0.01,16.0,4.0,16.0,8.106231689453125e-06
quantum,16,random,1.0,400,0.01,16.0,4.0,16.0,8.106231689453125e-06
quantum,16,random,1.0,500,0.01,16.0,4.0,16.0,9.059906005859375e-06
quantum,16,random,1.0,600,0.01,16.0,4.0,16.0,1.0013580322265625e-05
quantum,16,random,1.0,700,0.01,16.0,4.0,16.0,1.0013580322265625e-05
quantum,16,random,1.0,800,0.01,16.0,4.0,16.0,1.0013580322265625e-05
quantum,16,random,1.0,900,0.01,16.0,4.0,16.0,1.0967254638671875e-05
quantum,16,random,1.0,1000,0.01,16.0,4.0,16.0,1.0967254638671875e-05
classical,16,random,2.0,100,1.0,,,,0.02492809295654297
classical,16,random,2.0,200,1.0,,,,0.04988217353820801
classical,16,random,2.0,300,0.9204309846114307,,,,0.0753171443939209
classical,16,random,2.0,400,0.8549858138100792,,,,0.09987831115722656
classical,16,random,2.0,500,0.8499003086546262,,,,0.1243441104888916
classical,16,random,2.0,600,0.8511391438596427,,,,0.1496410369873047
classical,16,random,2.0,700,0.8536171413678604,,,,0.17455720901489258
classical,16,random,2.0,800,0.858749119965637,,,,0.20011210441589355
classical,16,random,2.0,900,0.8648468266732463,,,,0.22512412071228027
classical,16,random,2.0,1000,0.8667480050262012,,,,0.2503511905670166
quantum,16,random,2.0,100,0.01,8.0,6.0,8.0,5.245208740234375e-06
quantum,16,random,2.0,200,0.01,8.0,6.0,8.0,6.198883056640625e-06
quantum,16,random,2.0,300,0.01,8.0,6.0,8.0,7.152557373046875e-06
quantum,16,random,2.0,400,0.01,8.0,6.0,8.0,8.106231689453125e-06
quantum,16,random,2.0,500,0.01,8.0,6.0,8.0,8.106231689453125e-06
quantum,16,random,2.0,600,0.01,8.0,6.0,8.0,9.059906005859375e-06
quantum,16,random,2.0,700,0.01,8.0,6.0,8.0,9.059906005859375e-06
quantum,16,random,2.0,800,0.01,8.0,6.0,8.0,1.0013580322265625e-05
quantum,16,random,2.0,900,0.01,8.0,6.0,8.0,1.0013580322265625e-05
quantum,16,random,2.0,1000,0.01,8.0,6.0,8.0,1.0013580322265625e-05
classical,16,random,4.0,100,0.9487490266306756,,,,0.03740859031677246
classical,16,random,4.0,200,0.9251435393339824,,,,0.07567787170410156
classical,16,random,4.0,300,0.9349928963931103,,,,0.11428666114807129
classical,16,random,4.0,400,0.9377114521745217,,,,0.15400171279907227
classical,16,random,4.0,500,0.9393811130905128,,,,0.19417071342468262
classical,16,random,4.0,600,0.9416120231003542,,,,0.23293066024780273
classical,16,random,4.0,700,0.945025411562095,,,,0.27194762229919434
classical,16,random,4.0,800,0.9460169395393616,,,,0.31038689613342285
classical,16,random,4.0,900,0.9466859213798718,,,,0.34970688819885254
classical,16,random,4.0,1000,0.9465197053989232,,,,0.3893897533416748
quantum,16,random,4.0,100,0.01,4.0,8.0,4.0,4.76837158203125e-06
quantum,16,random,4.0,200,0.01,4.0,8.0,4.0,5.7220458984375e-06
quantum,16,random,4.0,300,0.01,4.0,8.0,4.0,6.9141387939453125e-06
quantum,16,random,4.0,400,0.01,4.0,8.0,4.0,7.867813110351562e-06
quantum,16,random,4.0,500,0.01,4.0,8.0,4.0,7.867813110351562e-06
quantum,16,random,4.0,600,0.01,4.0,8.0,4.0,8.821487426757812e-06
quantum,16,random,4.0,700,0.01,4.0,8.0,4.0,8.821487426757812e-06
quantum,16,random,4.0,800,0.01,4.0,8.0,4.0,9.775161743164062e-06
quantum,16,random,4.0,900,0.01,4.0,8.0,4.0,9.775161743164062e-06
quantum,16,random,4.0,1000,0.01,4.0,8.0,4.0,9.775161743164062e-06
classical,16,lll,1.0,100,0.9571214234089991,,,,0.018783092498779297
classical,16,lll,1.0,200,0.942833246169139,,,,0.03766989707946777
classical,16,lll,1.0,300,0.952921872294577,,,,0.05630183219909668
classical,16,lll,1.0,400,0.9590563260577465,,,,0.07479405403137207
classical,16,lll,1.0,500,0.9632864324946577,,,,0.09361386299133301
classical,16,lll,1.0,600,0.96496599933053,,,,0.11348700523376465
classical,16,lll,1.0,700,0.9637676319316683,,,,0.13227391242980957
classical,16,lll,1.0,800,0.9660649885129415,,,,0.15137076377868652
classical,16,lll,1.0,900,0.9649771402188028,,,,0.17026114463806152
classical,16,lll,1.0,1000,0.9641328319658582,,,,0.18921494483947754
quantum,16,lll,1.0,100,0.01,16.0,4.0,16.0,6.198883056640625e-06
quantum,16,lll,1.0,200,0.01,16.0,4.0,16.0,7.152557373046875e-06
quantum,16,lll,1.0,300,0.01,16.0,4.0,16.0,8.106231689453125e-06
quantum,16,lll,1.0,400,0.01,16.0,4.0,16.0,8.106231689453125e-06
quantum,16,lll,1.0,500,0.01,16.0,4.0,16.0,8.821487426757812e-06
quantum,16,lll,1.0,600,0.01,16.0,4.0,16.0,8.821487426757812e-06
quantum,16,lll,1.0,700,0.01,16.0,4.0,16.0,1.0013580322265625e-05
quantum,16,lll,1.0,800,0.01,16.0,4.0,16.0,1.0013580322265625e-05
quantum,16,lll,1.0,900,0.01,16.0,4.0,16.0,1.0967254638671875e-05
quantum,16,lll,1.0,1000,0.01,16.0,4.0,16.0,1.0967254638671875e-05
classical,16,lll,2.0,100,0.8478280007030425,,,,0.025297164916992188
classical,16,lll,2.0,200,0.8808914993787036,,,,0.050866127014160156
classical,16,lll,2.0,300,0.8946972501910564,,,,0.07622909545898438
classical,16,lll,2.0,400,0.9054925348619487,,,,0.1016690731048584
classical,16,lll,2.0,500,0.9109859748864592,,,,0.12690496444702148
classical,16,lll,2.0,600,0.9131007293793612,,,,0.15283489227294922
classical,16,lll,2.0,700,0.9072765260195963,,,,0.1780388355255127
classical,16,lll,2.0,800,0.9103518362166096,,,,0.20405292510986328
classical,16,lll,2.0,900,0.9134451871733579,,,,0.2301468849182129
classical,16,lll,2.0,1000,0.9148800000950624,,,,0.2554478645324707
quantum,16,lll,2.0,100,0.01,8.0,6.0,8.0,4.76837158203125e-06
quantum,16,lll,2.0,200,0.01,8.0,6.0,8.0,6.9141387939453125e-06
quantum,16,lll,2.0,300,0.01,8.0,6.0,8.0,7.867813110351562e-06
quantum,16,lll,2.0,400,0.01,8.0,6.0,8.0,7.867813110351562e-06
quantum,16,lll,2.0,500,0.01,8.0,6.0,8.0,8.821487426757812e-06
quantum,16,lll,2.0,600,0.01,8.0,6.0,8.0,8.821487426757812e-06
quantum,16,lll,2.0,700,0.01,8.0,6.0,8.0,1.0013580322265625e-05
quantum,16,lll,2.0,800,0.01,8.0,6.0,8.0,1.0013580322265625e-05
quantum,16,lll,2.0,900,0.01,8.0,6.0,8.0,1.0967254638671875e-05
quantum,16,lll,2.0,1000,0.01,8.0,6.0,8.0,1.0967254638671875e-05
classical,16,lll,4.0,100,0.8679248990220955,,,,0.03873181343078613
classical,16,lll,4.0,200,0.896806165849429,,,,0.0774238109588623
classical,16,lll,4.0,300,0.9127511393462879,,,,0.11601090431213379
classical,16,lll,4.0,400,0.9194221325452193,,,,0.15474271774291992
classical,16,lll,4.0,500,0.924048041888788,,,,0.19329380989074707
classical,16,lll,4.0,600,0.9271831494491445,,,,0.2323458194732666
classical,16,lll,4.0,700,0.9306880797981362,,,,0.2713899612426758
classical,16,lll,4.0,800,0.9336478383557056,,,,0.3102736473083496
classical,16,lll,4.0,900,0.935197402284796,,,,0.34911680221557617
classical,16,lll,4.0,1000,0.9358580853599634,,,,0.38862085342407227
quantum,16,lll,4.0,100,0.01,4.0,8.0,4.0,4.76837158203125e-06
quantum,16,lll,4.0,200,0.01,4.0,8.0,4.0,5.7220458984375e-06
quantum,16,lll,4.0,300,0.01,4.0,8.0,4.0,6.9141387939453125e-06
quantum,16,lll,4.0,400,0.01,4.0,8.0,4.0,7.867813110351562e-06
quantum,16,lll,4.0,500,0.01,4.0,8.0,4.0,7.867813110351562e-06
quantum,16,lll,4.0,600,0.01,4.0,8.0,4.0,8.821487426757812e-06
quantum,16,lll,4.0,700,0.01,4.0,8.0,4.0,8.821487426757812e-06
quantum,16,lll,4.0,800,0.01,4.0,8.0,4.0,9.775161743164062e-06
quantum,16,lll,4.0,900,0.01,4.0,8.0,4.0,9.775161743164062e-06
quantum,16,lll,4.0,1000,0.01,4.0,8.0,4.0,1.0967254638671875e-05
classical,16,qary,1.0,100,0.9362132458891346,,,,0.01809096336364746
classical,16,qary,1.0,200,0.9383685348218948,,,,0.036208152770996094
classical,16,qary,1.0,300,0.9376390435537676,,,,0.05465507507324219
classical,16,qary,1.0,400,0.9442417326757726,,,,0.07310605049133301
classical,16,qary,1.0,500,0.9415641377234836,,,,0.09116601943969727
classical,16,qary,1.0,600,0.9321767001687473,,,,0.10958600044250488
classical,16,qary,1.0,700,0.9356151557952859,,,,0.12814998626708984
classical,16,qary,1.0,800,0.9394846352155091,,,,0.14669322967529297
classical,16,qary,1.0,900,0.9400752185977268,,,,0.16567206382751465
classical,16,qary,1.0,1000,0.9405914824989481,,,,0.18443608283996582
quantum,16,qary,1.0,100,0.01,16.0,4.0,16.0,5.0067901611328125e-06
quantum,16,qary,1.0,200,0.01,16.0,4.0,16.0,5.9604644775390625e-06
quantum,16,qary,1.0,300,0.01,16.0,4.0,16.0,6.9141387939453125e-06
quantum,16,qary,1.0,400,0.01,16.0,4.0,16.0,6.9141387939453125e-06
quantum,16,qary,1.0,500,0.01,16.0,4.0,16.0,8.106231689453125e-06
quantum,16,qary,1.0,600,0.01,16.0,4.0,16.0,8.106231689453125e-06
quantum,16,qary,1.0,700,0.01,16.0,4.0,16.0,9.059906005859375e-06
quantum,16,qary,1.0,800,0.01,16.0,4.0,16.0,9.059906005859375e-06
quantum,16,qary,1.0,900,0.01,16.0,4.0,16.0,1.0013580322265625e-05
quantum,16,qary,1.0,1000,0.01,16.0,4.0,16.0,1.0013580322265625e-05
classical,16,qary,2.0,100,1.0,,,,0.025293827056884766
classical,16,qary,2.0,200,1.0,,,,0.05019807815551758
classical,16,qary,2.0,300,1.0,,,,0.07518386840820312
classical,16,qary,2.0,400,1.0,,,,0.1011199951171875
classical,16,qary,2.0,500,0.9751002008040225,,,,0.12604713439941406
classical,16,qary,2.0,600,0.8951156601355075,,,,0.15095901489257812
classical,16,qary,2.0,700,0.8704116790835297,,,,0.17690801620483398
classical,16,qary,2.0,800,0.8616564977118724,,,,0.20213580131530762
classical,16,qary,2.0,900,0.8585812158261472,,,,0.22814393043518066
classical,16,qary,2.0,1000,0.8551699232536327,,,,0.25357913970947266
quantum,16,qary,2.0,100,0.01,8.0,6.0,8.0,4.76837158203125e-06
quantum,16,qary,2.0,200,0.01,8.0,6.0,8.0,6.9141387939453125e-06
quantum,16,qary,2.0,300,0.01,8.0,6.0,8.0,6.9141387939453125e-06
quantum,16,qary,2.0,400,0.01,8.0,6.0,8.0,7.867813110351562e-06
quantum,16,qary,2.0,500,0.01,8.0,6.0,8.0,7.867813110351562e-06
quantum,16,qary,2.0,600,0.01,8.0,6.0,8.0,8.821487426757812e-06
quantum,16,qary,2.0,700,0.01,8.0,6.0,8.0,8.821487426757812e-06
quantum,16,qary,2.0,800,0.01,8.0,6.0,8.0,1.0013580322265625e-05
quantum,16,qary,2.0,900,0.01,8.0,6.0,8.0,1.0013580322265625e-05
quantum,16,qary,2.0,1000,0.01,8.0,6.0,8.0,1.0013580322265625e-05
classical,16,qary,4.0,100,1.0,,,,0.03835797309875488
classical,16,qary,4.0,200,1.0,,,,0.07684206962585449
classical,16,qary,4.0,300,1.0,,,,0.1150820255279541
classical,16,qary,4.0,400,0.8711769535663876,,,,0.15387487411499023
classical,16,qary,4.0,500,0.854340139959117,,,,0.19317197799682617
classical,16,qary,4.0,600,0.8486780600160111,,,,0.23131489753723145
classical,16,qary,4.0,700,0.8534611039656667,,,,0.26886987686157227
classical,16,qary,4.0,800,0.85603447955753,,,,0.30785107612609863
classical,16,qary,4.0,900,0.8606503619007082,,,,0.3475799560546875
classical,16,qary,4.0,1000,0.8626257567921731,,,,0.38617706298828125
quantum,16,qary,4.0,100,0.01,4.0,8.0,4.0,5.9604644775390625e-06
quantum,16,qary,4.0,200,0.01,4.0,8.0,4.0,6.9141387939453125e-06
quantum,16,qary,4.0,300,0.01,4.0,8.0,4.0,8.106231689453125e-06
quantum,16,qary,4.0,400,0.01,4.0,8.0,4.0,9.059906005859375e-06
quantum,16,qary,4.0,500,0.01,4.0,8.0,4.0,9.059906005859375e-06
quantum,16,qary,4.0,600,0.01,4.0,8.0,4.0,1.0013580322265625e-05
quantum,16,qary,4.0,700,0.01,4.0,8.0,4.0,1.0013580322265625e-05
quantum,16,qary,4.0,800,0.01,4.0,8.0,4.0,1.0013580322265625e-05
quantum,16,qary,4.0,900,0.01,4.0,8.0,4.0,1.1205673217773438e-05
quantum,16,qary,4.0,1000,0.01,4.0,8.0,4.0,1.1205673217773438e-05
classical,32,identity,1.0,100,1.0,,,,0.036073923110961914
classical,32,identity,1.0,200,1.0,,,,0.07242202758789062
classical,32,identity,1.0,300,1.0,,,,0.10857486724853516
classical,32,identity,1.0,400,0.9410559104559431,,,,0.14493393898010254
classical,32,identity,1.0,500,0.9389335110583854,,,,0.18143391609191895
classical,32,identity,1.0,600,0.9436860482573594,,,,0.2176978588104248
classical,32,identity,1.0,700,0.9422801864611895,,,,0.25450801849365234
classical,32,identity,1.0,800,0.9444880561636809,,,,0.29111790657043457
classical,32,identity,1.0,900,0.9473647118624512,,,,0.3282947540283203
classical,32,identity,1.0,1000,0.9498406680523809,,,,0.36473798751831055
quantum,32,identity,1.0,100,0.01,32.0,5.0,32.0,5.9604644775390625e-06
quantum,32,identity,1.0,200,0.01,32.0,5.0,32.0,6.9141387939453125e-06
quantum,32,identity,1.0,300,0.01,32.0,5.0,32.0,7.867813110351562e-06
quantum,32,identity,1.0,400,0.01,32.0,5.0,32.0,8.821487426757812e-06
quantum,32,identity,1.0,500,0.01,32.0,5.0,32.0,1.0013580322265625e-05
quantum,32,identity,1.0,600,0.01,32.0,5.0,32.0,1.0013580322265625e-05
quantum,32,identity,1.0,700,0.01,32.0,5.0,32.0,1.0967254638671875e-05
quantum,32,identity,1.0,800,0.01,32.0,5.0,32.0,1.0967254638671875e-05
quantum,32,identity,1.0,900,0.01,32.0,5.0,32.0,1.1920928955078125e-05
quantum,32,identity,1.0,1000,0.01,32.0,5.0,32.0,1.1920928955078125e-05
classical,32,identity,2.0,100,1.0,,,,0.05074620246887207
classical,32,identity,2.0,200,1.0,,,,0.10093307495117188
classical,32,identity,2.0,300,1.0,,,,0.15129709243774414
classical,32,identity,2.0,400,1.0,,,,0.2012491226196289
classical,32,identity,2.0,500,1.0,,,,0.25191187858581543
classical,32,identity,2.0,600,1.0,,,,0.30197715759277344
classical,32,identity,2.0,700,1.0,,,,0.35243701934814453
classical,32,identity,2.0,800,1.0,,,,0.4030158519744873
classical,32,identity,2.0,900,1.0,,,,0.45369911193847656
classical,32,identity,2.0,1000,1.0,,,,0.5041239261627197
quantum,32,identity,2.0,100,0.01,16.0,7.0,16.0,5.0067901611328125e-06
quantum,32,identity,2.0,200,0.01,16.0,7.0,16.0,6.9141387939453125e-06
quantum,32,identity,2.0,300,0.01,16.0,7.0,16.0,6.9141387939453125e-06
quantum,32,identity,2.0,400,0.01,16.0,7.0,16.0,8.106231689453125e-06
quantum,32,identity,2.0,500,0.01,16.0,7.0,16.0,9.059906005859375e-06
quantum,32,identity,2.0,600,0.01,16.0,7.0,16.0,9.059906005859375e-06
quantum,32,identity,2.0,700,0.01,16.0,7.0,16.0,1.0013580322265625e-05
quantum,32,identity,2.0,800,0.01,16.0,7.0,16.0,1.0013580322265625e-05
quantum,32,identity,2.0,900,0.01,16.0,7.0,16.0,1.0013580322265625e-05
quantum,32,identity,2.0,1000,0.01,16.0,7.0,16.0,1.1205673217773438e-05
classical,32,identity,4.0,100,1.0,,,,0.07721304893493652
classical,32,identity,4.0,200,1.0,,,,0.15459895133972168
classical,32,identity,4.0,300,1.0,,,,0.2316129207611084
classical,32,identity,4.0,400,1.0,,,,0.30945396423339844
classical,32,identity,4.0,500,1.0,,,,0.3866159915924072
classical,32,identity,4.0,600,1.0,,,,0.4632987976074219
classical,32,identity,4.0,700,1.0,,,,0.540349006652832
classical,32,identity,4.0,800,1.0,,,,0.615401029586792
classical,32,identity,4.0,900,1.0,,,,0.691291093826294
classical,32,identity,4.0,1000,1.0,,,,0.7670490741729736
quantum,32,identity,4.0,100,0.01,8.0,9.0,8.0,5.9604644775390625e-06
quantum,32,identity,4.0,200,0.01,8.0,9.0,8.0,7.867813110351562e-06
quantum,32,identity,4.0,300,0.01,8.0,9.0,8.0,9.059906005859375e-06
quantum,32,identity,4.0,400,0.01,8.0,9.0,8.0,9.059906005859375e-06
quantum,32,identity,4.0,500,0.01,8.0,9.0,8.0,1.0013580322265625e-05
quantum,32,identity,4.0,600,0.01,8.0,9.0,8.0,1.0013580322265625e-05
quantum,32,identity,4.0,700,0.01,8.0,9.0,8.0,1.0967254638671875e-05
quantum,32,identity,4.0,800,0.01,8.0,9.0,8.0,1.0967254638671875e-05
quantum,32,identity,4.0,900,0.01,8.0,9.0,8.0,1.0967254638671875e-05
quantum,32,identity,4.0,1000,0.01,8.0,9.0,8.0,1.1920928955078125e-05
classical,32,random,1.0,100,0.9141949884913474,,,,0.03620719909667969
classical,32,random,1.0,200,0.9267709074206159,,,,0.07251501083374023
classical,32,random,1.0,300,0.9211026021790776,,,,0.10847997665405273
classical,32,random,1.0,400,0.9219129370600098,,,,0.1440412998199463
classical,32,random,1.0,500,0.9277853393340372,,,,0.17998909950256348
classical,32,random,1.0,600,0.9319239554352563,,,,0.21617627143859863
classical,32,random,1.0,700,0.9360187332313216,,,,0.25246620178222656
classical,32,random,1.0,800,0.9385569608688772,,,,0.28858113288879395
classical,32,random,1.0,900,0.9408969143206772,,,,0.32505106925964355
classical,32,random,1.0,1000,0.9435301271754392,,,,0.36144304275512695
quantum,32,random,1.0,100,0.01,32.0,5.0,32.0,5.0067901611328125e-06
quantum,32,random,1.0,200,0.01,32.0,5.0,32.0,7.152557373046875e-06
quantum,32,random,1.0,300,0.01,32.0,5.0,32.0,7.867813110351562e-06
quantum,32,random,1.0,400,0.01,32.0,5.0,32.0,7.867813110351562e-06
quantum,32,random,1.0,500,0.01,32.0,5.0,32.0,8.821487426757812e-06
quantum,32,random,1.0,600,0.01,32.0,5.0,32.0,8.821487426757812e-06
quantum,32,random,1.0,700,0.01,32.0,5.0,32.0,1.0013580322265625e-05
quantum,32,random,1.0,800,0.01,32.0,5.0,32.0,1.0013580322265625e-05
quantum,32,random,1.0,900,0.01,32.0,5.0,32.0,1.0013580322265625e-05
quantum,32,random,1.0,1000,0.01,32.0,5.0,32.0,1.0967254638671875e-05
classical,32,random,2.0,100,1.0,,,,0.04873394966125488
classical,32,random,2.0,200,1.0,,,,0.09871220588684082
classical,32,random,2.0,300,1.0,,,,0.1487271785736084
classical,32,random,2.0,400,1.0,,,,0.19899916648864746
classical,32,random,2.0,500,1.0,,,,0.24971818923950195
classical,32,random,2.0,600,1.0,,,,0.29938626289367676
classical,32,random,2.0,700,1.0,,,,0.34929418563842773
classical,32,random,2.0,800,1.0,,,,0.39934635162353516
classical,32,random,2.0,900,1.0,,,,0.44854307174682617
classical,32,random,2.0,1000,1.0,,,,0.49901700019836426
quantum,32,random,2.0,100,0.01,16.0,7.0,16.0,5.0067901611328125e-06
quantum,32,random,2.0,200,0.01,16.0,7.0,16.0,5.9604644775390625e-06
quantum,32,random,2.0,300,0.01,16.0,7.0,16.0,6.9141387939453125e-06
quantum,32,random,2.0,400,0.01,16.0,7.0,16.0,7.867813110351562e-06
quantum,32,random,2.0,500,0.01,16.0,7.0,16.0,7.867813110351562e-06
quantum,32,random,2.0,600,0.01,16.0,7.0,16.0,8.821487426757812e-06
quantum,32,random,2.0,700,0.01,16.0,7.0,16.0,8.821487426757812e-06
quantum,32,random,2.0,800,0.01,16.0,7.0,16.0,1.0013580322265625e-05
quantum,32,random,2.0,900,0.01,16.0,7.0,16.0,1.0013580322265625e-05
quantum,32,random,2.0,1000,0.01,16.0,7.0,16.0,1.0013580322265625e-05
classical,32,random,4.0,100,1.0,,,,0.07630634307861328
classical,32,random,4.0,200,1.0,,,,0.15267515182495117
classical,32,random,4.0,300,1.0,,,,0.23342537879943848
classical,32,random,4.0,400,1.0,,,,0.30880308151245117
classical,32,random,4.0,500,1.0,,,,0.38532209396362305
classical,32,random,4.0,600,1.0,,,,0.4618203639984131
classical,32,random,4.0,700,1.0,,,,0.5392720699310303
classical,32,random,4.0,800,1.0,,,,0.6187732219696045
classical,32,random,4.0,900,1.0,,,,0.6967051029205322
classical,32,random,4.0,1000,1.0,,,,0.7735681533813477
quantum,32,random,4.0,100,0.01,8.0,9.0,8.0,5.245208740234375e-06
quantum,32,random,4.0,200,0.01,8.0,9.0,8.0,6.198883056640625e-06
quantum,32,random,4.0,300,0.01,8.0,9.0,8.0,7.152557373046875e-06
quantum,32,random,4.0,400,0.01,8.0,9.0,8.0,8.106231689453125e-06
quantum,32,random,4.0,500,0.01,8.0,9.0,8.0,8.106231689453125e-06
quantum,32,random,4.0,600,0.01,8.0,9.0,8.0,9.059906005859375e-06
quantum,32,random,4.0,700,0.01,8.0,9.0,8.0,9.059906005859375e-06
quantum,32,random,4.0,800,0.01,8.0,9.0,8.0,1.0013580322265625e-05
quantum,32,random,4.0,900,0.01,8.0,9.0,8.0,1.0013580322265625e-05
quantum,32,random,4.0,1000,0.01,8.0,9.0,8.0,1.0013580322265625e-05
classical,32,lll,1.0,100,0.916259328877779,,,,0.03667712211608887
classical,32,lll,1.0,200,0.933596875073533,,,,0.07344794273376465
classical,32,lll,1.0,300,0.9373191337542334,,,,0.1094362735748291
classical,32,lll,1.0,400,0.9445980489175487,,,,0.14579415321350098
classical,32,lll,1.0,500,0.9424783179718675,,,,0.18247509002685547
classical,32,lll,1.0,600,0.945371649036273,,,,0.21897339820861816
classical,32,lll,1.0,700,0.949003152909668,,,,0.2556731700897217
classical,32,lll,1.0,800,0.9495691239418897,,,,0.2925441265106201
classical,32,lll,1.0,900,0.9465539522233944,,,,0.3291001319885254
classical,32,lll,1.0,1000,0.9445444993336144,,,,0.3659982681274414
quantum,32,lll,1.0,100,0.01,32.0,5.0,32.0,5.7220458984375e-06
quantum,32,lll,1.0,200,0.01,32.0,5.0,32.0,6.9141387939453125e-06
quantum,32,lll,1.0,300,0.01,32.0,5.0,32.0,7.867813110351562e-06
quantum,32,lll,1.0,400,0.01,32.0,5.0,32.0,8.821487426757812e-06
quantum,32,lll,1.0,500,0.01,32.0,5.0,32.0,8.821487426757812e-06
quantum,32,lll,1.0,600,0.01,32.0,5.0,32.0,1.0013580322265625e-05
quantum,32,lll,1.0,700,0.01,32.0,5.0,32.0,1.0013580322265625e-05
quantum,32,lll,1.0,800,0.01,32.0,5.0,32.0,1.0013580322265625e-05
quantum,32,lll,1.0,900,0.01,32.0,5.0,32.0,1.0967254638671875e-05
quantum,32,lll,1.0,1000,0.01,32.0,5.0,32.0,1.0967254638671875e-05
classical,32,lll,2.0,100,1.0,,,,0.04979205131530762
classical,32,lll,2.0,200,1.0,,,,0.09979510307312012
classical,32,lll,2.0,300,1.0,,,,0.1493079662322998
classical,32,lll,2.0,400,1.0,,,,0.1986682415008545
classical,32,lll,2.0,500,1.0,,,,0.2488110065460205
classical,32,lll,2.0,600,1.0,,,,0.2982621192932129
classical,32,lll,2.0,700,1.0,,,,0.348552942276001
classical,32,lll,2.0,800,1.0,,,,0.39866209030151367
classical,32,lll,2.0,900,1.0,,,,0.4482262134552002
classical,32,lll,2.0,1000,1.0,,,,0.4980649948120117
quantum,32,lll,2.0,100,0.01,16.0,7.0,16.0,5.0067901611328125e-06
quantum,32,lll,2.0,200,0.01,16.0,7.0,16.0,6.9141387939453125e-06
quantum,32,lll,2.0,300,0.01,16.0,7.0,16.0,6.9141387939453125e-06
quantum,32,lll,2.0,400,0.01,16.0,7.0,16.0,7.867813110351562e-06
quantum,32,lll,2.0,500,0.01,16.0,7.0,16.0,8.821487426757812e-06
quantum,32,lll,2.0,600,0.01,16.0,7.0,16.0,8.821487426757812e-06
quantum,32,lll,2.0,700,0.01,16.0,7.0,16.0,1.0013580322265625e-05
quantum,32,lll,2.0,800,0.01,16.0,7.0,16.0,1.0013580322265625e-05
quantum,32,lll,2.0,900,0.01,16.0,7.0,16.0,1.0013580322265625e-05
quantum,32,lll,2.0,1000,0.01,16.0,7.0,16.0,1.0967254638671875e-05
classical,32,lll,4.0,100,1.0,,,,0.07572197914123535
classical,32,lll,4.0,200,1.0,,,,0.15203285217285156
classical,32,lll,4.0,300,1.0,,,,0.22730493545532227
classical,32,lll,4.0,400,1.0,,,,0.3022587299346924
classical,32,lll,4.0,500,1.0,,,,0.37788891792297363
classical,32,lll,4.0,600,1.0,,,,0.4560401439666748
classical,32,lll,4.0,700,1.0,,,,0.533728837966919
classical,32,lll,4.0,800,1.0,,,,0.6122658252716064
classical,32,lll,4.0,900,1.0,,,,0.6886909008026123
classical,32,lll,4.0,1000,1.0,,,,0.7657268047332764
quantum,32,lll,4.0,100,0.01,8.0,9.0,8.0,5.0067901611328125e-06
quantum,32,lll,4.0,200,0.01,8.0,9.0,8.0,6.9141387939453125e-06
quantum,32,lll,4.0,300,0.01,8.0,9.0,8.0,8.106231689453125e-06
quantum,32,lll,4.0,400,0.01,8.0,9.0,8.0,8.106231689453125e-06
quantum,32,lll,4.0,500,0.01,8.0,9.0,8.0,9.059906005859375e-06
quantum,32,lll,4.0,600,0.01,8.0,9.0,8.0,9.059906005859375e-06
quantum,32,lll,4.0,700,0.01,8.0,9.0,8.0,1.0013580322265625e-05
quantum,32,lll,4.0,800,0.01,8.0,9.0,8.0,1.0013580322265625e-05
quantum,32,lll,4.0,900,0.01,8.0,9.0,8.0,1.1205673217773438e-05
quantum,32,lll,4.0,1000,0.01,8.0,9.0,8.0,1.1205673217773438e-05
classical,32,qary,1.0,100,1.0,,,,0.03606986999511719
classical,32,qary,1.0,200,1.0,,,,0.0726158618927002
classical,32,qary,1.0,300,1.0,,,,0.1089470386505127
classical,32,qary,1.0,400,0.9410559104559431,,,,0.14532899856567383
classical,32,qary,1.0,500,0.9389335110583854,,,,0.18255281448364258
classical,32,qary,1.0,600,0.9436860482573594,,,,0.2194209098815918
classical,32,qary,1.0,700,0.9422801864611895,,,,0.25562191009521484
classical,32,qary,1.0,800,0.9444880561636809,,,,0.2926359176635742
classical,32,qary,1.0,900,0.9473647118624512,,,,0.32947492599487305
classical,32,qary,1.0,1000,0.9498406680523809,,,,0.3663020133972168
quantum,32,qary,1.0,100,0.01,32.0,5.0,32.0,5.245208740234375e-06
quantum,32,qary,1.0,200,0.01,32.0,5.0,32.0,6.198883056640625e-06
quantum,32,qary,1.0,300,0.01,32.0,5.0,32.0,7.152557373046875e-06
quantum,32,qary,1.0,400,0.01,32.0,5.0,32.0,8.106231689453125e-06
quantum,32,qary,1.0,500,0.01,32.0,5.0,32.0,8.106231689453125e-06
quantum,32,qary,1.0,600,0.01,32.0,5.0,32.0,9.059906005859375e-06
quantum,32,qary,1.0,700,0.01,32.0,5.0,32.0,9.059906005859375e-06
quantum,32,qary,1.0,800,0.01,32.0,5.0,32.0,1.0013580322265625e-05
quantum,32,qary,1.0,900,0.01,32.0,5.0,32.0,1.0013580322265625e-05
quantum,32,qary,1.0,1000,0.01,32.0,5.0,32.0,1.0013580322265625e-05
classical,32,qary,2.0,100,1.0,,,,0.04994702339172363
classical,32,qary,2.0,200,1.0,,,,0.10029721260070801
classical,32,qary,2.0,300,1.0,,,,0.150191068649292
classical,32,qary,2.0,400,1.0,,,,0.2006680965423584
classical,32,qary,2.0,500,1.0,,,,0.2508430480957031
classical,32,qary,2.0,600,1.0,,,,0.30051112174987793
classical,32,qary,2.0,700,1.0,,,,0.34987425804138184
classical,32,qary,2.0,800,1.0,,,,0.4001920223236084
classical,32,qary,2.0,900,1.0,,,,0.45118093490600586
classical,32,qary,2.0,1000,1.0,,,,0.5013279914855957
quantum,32,qary,2.0,100,0.01,16.0,7.0,16.0,5.0067901611328125e-06
quantum,32,qary,2.0,200,0.01,16.0,7.0,16.0,6.198883056640625e-06
quantum,32,qary,2.0,300,0.01,16.0,7.0,16.0,7.152557373046875e-06
quantum,32,qary,2.0,400,0.01,16.0,7.0,16.0,8.106231689453125e-06
quantum,32,qary,2.0,500,0.01,16.0,7.0,16.0,8.106231689453125e-06
quantum,32,qary,2.0,600,0.01,16.0,7.0,16.0,8.821487426757812e-06
quantum,32,qary,2.0,700,0.01,16.0,7.0,16.0,8.821487426757812e-06
quantum,32,qary,2.0,800,0.01,16.0,7.0,16.0,1.0013580322265625e-05
quantum,32,qary,2.0,900,0.01,16.0,7.0,16.0,1.0013580322265625e-05
quantum,32,qary,2.0,1000,0.01,16.0,7.0,16.0,1.0013580322265625e-05
classical,32,qary,4.0,100,1.0,,,,0.07611608505249023
classical,32,qary,4.0,200,1.0,,,,0.15191316604614258
classical,32,qary,4.0,300,1.0,,,,0.22941994667053223
classical,32,qary,4.0,400,1.0,,,,0.30689287185668945
classical,32,qary,4.0,500,1.0,,,,0.38379406929016113
classical,32,qary,4.0,600,1.0,,,,0.46064186096191406
classical,32,qary,4.0,700,1.0,,,,0.5369560718536377
classical,32,qary,4.0,800,1.0,,,,0.6129310131072998
classical,32,qary,4.0,900,1.0,,,,0.6900069713592529
classical,32,qary,4.0,1000,1.0,,,,0.7667679786682129
quantum,32,qary,4.0,100,0.01,8.0,9.0,8.0,5.0067901611328125e-06
quantum,32,qary,4.0,200,0.01,8.0,9.0,8.0,7.152557373046875e-06
quantum,32,qary,4.0,300,0.01,8.0,9.0,8.0,7.152557373046875e-06
quantum,32,qary,4.0,400,0.01,8.0,9.0,8.0,8.106231689453125e-06
quantum,32,qary,4.0,500,0.01,8.0,9.0,8.0,8.821487426757812e-06
quantum,32,qary,4.0,600,0.01,8.0,9.0,8.0,8.821487426757812e-06
quantum,32,qary,4.0,700,0.01,8.0,9.0,8.0,8.821487426757812e-06
quantum,32,qary,4.0,800,0.01,8.0,9.0,8.0,9.775161743164062e-06
quantum,32,qary,4.0,900,0.01,8.0,9.0,8.0,9.775161743164062e-06
quantum,32,qary,4.0,1000,0.01,8.0,9.0,8.0,1.0967254638671875e-05
